Workbook
Name __xlnm.Print_Area_3: #REF!
Name __xlnm.Print_Titles_4: ('[1]LICENCES COMPETITION'!$A$1:$B$65536,'[1]LICENCES COMPETITION'!$A$1:$IV$2)
Name __xlnm.Print_Titles_5: ('[1]AUTRES LICENCES'!$A$1:$B$65536,'[1]AUTRES LICENCES'!$A$1:$IV$2)
Name _2009238A: #REF!
Name lic18: #REF!

Sheet Fusion
A2: Dep | B2: Code département | C2: Licxences | D2: Population départementale | E2: Part de Population départementale | F2: Revenu median
A3: 974 - La Réunion | B3: =TRIM(LEFT(A3,3)) -> 974 | C3: 173837 | D3: 892102 | E3: 0.19486225 | F3: =VLOOKUP(Tableau1[[#This Row],[Code département]],'Source 2'!A:C, 3, FALSE) -> 19110
A4: 93 - Seine-Saint-Denis | B4: =TRIM(LEFT(A4,3)) -> 93 | C4: 243240 | D4: 1702158 | E4: 0.14290095 | F4: =VLOOKUP(Tableau1[[#This Row],[Code département]],'Source 2'!A:C, 3, FALSE) -> 21250
A5: 11 - Aude | B5: =TRIM(LEFT(A5,3)) -> 11 | C5: 92766 | D5: 379190 | E5: 0.24464253 | F5: =VLOOKUP(Tableau1[[#This Row],[Code département]],'Source 2'!A:C, 3, FALSE) -> 23060
A6: 66 - Pyrénées-Orientales | B6: =TRIM(LEFT(A6,3)) -> 66 | C6: 128970 | D6: 500103 | E6: 0.25788688 | F6: =VLOOKUP(Tableau1[[#This Row],[Code département]],'Source 2'!A:C, 3, FALSE) -> 23080
A7: 23 - Creuse | B7: =TRIM(LEFT(A7,3)) -> 23 | C7: 29468 | D7: 114600 | E7: 0.25713787 | F7: =VLOOKUP(Tableau1[[#This Row],[Code département]],'Source 2'!A:C, 3, FALSE) -> 23210
A8: 62 - Pas-de-Calais | B8: =TRIM(LEFT(A8,3)) -> 62 | C8: 307191 | D8: 1453532 | E8: 0.21134106 | F8: =VLOOKUP(Tableau1[[#This Row],[Code département]],'Source 2'!A:C, 3, FALSE) -> 23260
A9: 02 - Aisne | B9: =TRIM(LEFT(A9,3)) -> 02 | C9: 103338 | D9: 521152 | E9: 0.19828764 | F9: =VLOOKUP(Tableau1[[#This Row],[Code département]],'Source 2'!A:C, 3, FALSE) -> 23360
A10: 09 - Ariège | B10: =TRIM(LEFT(A10,3)) -> 09 | C10: 45145 | D10: 156304 | E10: 0.28882818 | F10: =VLOOKUP(Tableau1[[#This Row],[Code département]],'Source 2'!A:C, 3, FALSE) -> 23360
A11: 08 - Ardennes | B11: =TRIM(LEFT(A11,3)) -> 08 | C11: 52676 | D11: 264556 | E11: 0.19911096 | F11: =VLOOKUP(Tableau1[[#This Row],[Code département]],'Source 2'!A:C, 3, FALSE) -> 23500
A12: 47 - Lot-et-Garonne | B12: =TRIM(LEFT(A12,3)) -> 47 | C12: 90157 | D12: 332318 | E12: 0.27129737 | F12: =VLOOKUP(Tableau1[[#This Row],[Code département]],'Source 2'!A:C, 3, FALSE) -> 23730
A13: 59 - Nord | B13: =TRIM(LEFT(A13,3)) -> 59 | C13: 618246 | D13: 2616167 | E13: 0.23631748 | F13: =VLOOKUP(Tableau1[[#This Row],[Code département]],'Source 2'!A:C, 3, FALSE) -> 23810
A14: 84 - Vaucluse | B14: =TRIM(LEFT(A14,3)) -> 84 | C14: 146557 | D14: 572065 | E14: 0.25618942 | F14: =VLOOKUP(Tableau1[[#This Row],[Code département]],'Source 2'!A:C, 3, FALSE) -> 23840
... A22: 2B - Haute-Corse | B22: =TRIM(LEFT(A22,3)) -> 2B | C22: 44402 | D22: 186724 | E22: 0.23779482 | F22: =VLOOKUP(Tableau1[[#This Row],[Code département]],'Source 2'!A:C, 3, FALSE) -> 24200
A23: 80 - Somme | B23: =TRIM(LEFT(A23,3)) -> 80 | C23: 132234 | D23: 561656 | E23: 0.23543593 | F23: =VLOOKUP(Tableau1[[#This Row],[Code département]],'Source 2'!A:C, 3, FALSE) -> 24200 | G23: Indicateurs (quanti x quanti) | H23: Valeur | I23: Lecture
A24: 04 - Alpes-de-Haute-Provence | B24: =TRIM(LEFT(A24,3)) -> 04 | C24: 45178 | D24: 168908 | E24: 0.26747105 | F24: =VLOOKUP(Tableau1[[#This Row],[Code département]],'Source 2'!A:C, 3, FALSE) -> 24240 | G24: Covariance | H24: =_xlfn.COVARIANCE.S(F3:F106,E3:E106) -> 9.6376503 | I24: Positive, les variables varient dans le même sens
A25: 48 - Lozère | B25: =TRIM(LEFT(A25,3)) -> 48 | C25: 27837 | D25: 76512 | E25: 0.36382528 | F25: =VLOOKUP(Tableau1[[#This Row],[Code département]],'Source 2'!A:C, 3, FALSE) -> 24270 | G25: Coefficient Pearson | H25: =CORREL(Tableau1[Revenu median],Tableau1[Part de Population départementale]) -> 0.12110207 | I25: Positive,Faible, quasi nulle
A26: 34 - Hérault | B26: =TRIM(LEFT(A26,3)) -> 34 | C26: 276608 | D26: 1241541 | E26: 0.22279409 | F26: =VLOOKUP(Tableau1[[#This Row],[Code département]],'Source 2'!A:C, 3, FALSE) -> 24280 | G26: Coeff de determina° (R²) | H26: =RSQ(E3:E106,F3:F106) -> 0.014665711 | I26: Revenu median explique 1,5% de la variation du taux de pratique
A27: 65 - Hautes-Pyrénées | B27: =TRIM(LEFT(A27,3)) -> 65 | C27: 64246 | D27: 232145 | E27: 0.27674945 | F27: =VLOOKUP(Tableau1[[#This Row],[Code département]],'Source 2'!A:C, 3, FALSE) -> 24320 | G27: Ordonnée (a) | H27: =INTERCEPT(E3:E106,F3:F106) -> 0.20192329
A28: 88 - Vosges | B28: =TRIM(LEFT(A28,3)) -> 88 | C28: 84429 | D28: 354450 | E28: 0.23819721 | F28: =VLOOKUP(Tableau1[[#This Row],[Code département]],'Source 2'!A:C, 3, FALSE) -> 24320 | G28: Pente | H28: =SLOPE(Tableau1[Part de Population départementale],Tableau1[Revenu median]) -> 2.2396689e-06 | I28: =H28*5000 -> 0.011198345 | J28: Pour 5000€ de revenu médian en plus, le taux de pratique sportive licenciée augmente ~ 1,1 point
A29: 82 - Tarn-et-Garonne | B29: =TRIM(LEFT(A29,3)) -> 82 | C29: 75013 | D29: 267035 | E29: 0.28091074 | F29: =VLOOKUP(Tableau1[[#This Row],[Code département]],'Source 2'!A:C, 3, FALSE) -> 24350
A30: 81 - Tarn | B30: =TRIM(LEFT(A30,3)) -> 81 | C30: 115502 | D30: 399634 | E30: 0.28901945 | F30: =VLOOKUP(Tableau1[[#This Row],[Code département]],'Source 2'!A:C, 3, FALSE) -> 24420
A31: 03 - Allier | B31: =TRIM(LEFT(A31,3)) -> 03 | C31: 82873 | D31: 333234 | E31: 0.24869311 | F31: =VLOOKUP(Tableau1[[#This Row],[Code département]],'Source 2'!A:C, 3, FALSE) -> 24430
A32: 89 - Yonne | B32: =TRIM(LEFT(A32,3)) -> 89 | C32: 71038 | D32: 331845 | E32: 0.21406982 | F32: =VLOOKUP(Tableau1[[#This Row],[Code département]],'Source 2'!A:C, 3, FALSE) -> 24590 | G32: RAPPORT DÉTAILLÉ (ToolPak)
A33: 18 - Cher | B33: =TRIM(LEFT(A33,3)) -> 18 | C33: 70288 | D33: 297019 | E33: 0.23664479 | F33: =VLOOKUP(Tableau1[[#This Row],[Code département]],'Source 2'!A:C, 3, FALSE) -> 24730
A34: 46 - Lot | B34: =TRIM(LEFT(A34,3)) -> 46 | C34: 50358 | D34: 176103 | E34: 0.28595765 | F34: =VLOOKUP(Tableau1[[#This Row],[Code département]],'Source 2'!A:C, 3, FALSE) -> 24740 | G34: Statistiques de la régression
A35: 55 - Meuse | B35: =TRIM(LEFT(A35,3)) -> 55 | C35: 47538 | D35: 178231 | E35: 0.26672128 | F35: =VLOOKUP(Tableau1[[#This Row],[Code département]],'Source 2'!A:C, 3, FALSE) -> 24740 | G35: Coefficient de détermination multiple | H35: 0.12110207
A36: 87 - Haute-Vienne | B36: =TRIM(LEFT(A36,3)) -> 87 | C36: 103192 | D36: 371847 | E36: 0.27751199 | F36: =VLOOKUP(Tableau1[[#This Row],[Code département]],'Source 2'!A:C, 3, FALSE) -> 24740 | G36: Coefficient de détermination R^2 | H36: 0.014665711
A37: 70 - Haute-Saône | B37: =TRIM(LEFT(A37,3)) -> 70 | C37: 51180 | D37: 232626 | E37: 0.2200098 | F37: =VLOOKUP(Tableau1[[#This Row],[Code département]],'Source 2'!A:C, 3, FALSE) -> 24750 | G37: Coefficient de détermination R^2 | H37: 0.004293771
A38: 32 - Gers | B38: =TRIM(LEFT(A38,3)) -> 32 | C38: 61357 | D38: 192920 | E38: 0.31804375 | F38: =VLOOKUP(Tableau1[[#This Row],[Code département]],'Source 2'!A:C, 3, FALSE) -> 24770 | G38: Erreur-type | H38: 0.038281729
A39: 12 - Aveyron | B39: =TRIM(LEFT(A39,3)) -> 12 | C39: 85755 | D39: 278821 | E39: 0.30756292 | F39: =VLOOKUP(Tableau1[[#This Row],[Code département]],'Source 2'!A:C, 3, FALSE) -> 24780 | G39: Observations | H39: 97
A40: 42 - Loire | B40: =TRIM(LEFT(A40,3)) -> 42 | C40: 197809 | D40: 775357 | E40: 0.2551199 | F40: =VLOOKUP(Tableau1[[#This Row],[Code département]],'Source 2'!A:C, 3, FALSE) -> 24800
A41: 07 - Ardèche | B41: =TRIM(LEFT(A41,3)) -> 07 | C41: 95765 | D41: 335833 | E41: 0.28515661 | F41: =VLOOKUP(Tableau1[[#This Row],[Code département]],'Source 2'!A:C, 3, FALSE) -> 24820 | G41: ANALYSE DE VARIANCE
A42: 15 - Cantal | B42: =TRIM(LEFT(A42,3)) -> 15 | C42: 40048 | D42: 143964 | E42: 0.27818066 | F42: =VLOOKUP(Tableau1[[#This Row],[Code département]],'Source 2'!A:C, 3, FALSE) -> 24820 | H42: Degré de liberté | I42: Somme des carrés | J42: Moyenne des carrés | K42: F | L42: Valeur critique de F
A43: 16 - Charente | B43: =TRIM(LEFT(A43,3)) -> 16 | C43: 83369 | D43: 350672 | E43: 0.23774068 | F43: =VLOOKUP(Tableau1[[#This Row],[Code département]],'Source 2'!A:C, 3, FALSE) -> 24850 | G43: Régression | H43: 1 | I43: 0.002072174 | J43: 0.002072174 | K43: 1.4139795 | L43: 0.23736061
A44: 19 - Corrèze | B44: =TRIM(LEFT(A44,3)) -> 19 | C44: 70883 | D44: 239704 | E44: 0.29571054 | F44: =VLOOKUP(Tableau1[[#This Row],[Code département]],'Source 2'!A:C, 3, FALSE) -> 24910 | G44: Résidus | H44: 95 | I44: 0.13922162 | J44: 0.0014654908
A45: 76 - Seine-Maritime | B45: =TRIM(LEFT(A45,3)) -> 76 | C45: 268363 | D45: 1260312 | E45: 0.21293378 | F45: =VLOOKUP(Tableau1[[#This Row],[Code département]],'Source 2'!A:C, 3, FALSE) -> 24940 | G45: Total | H45: 96 | I45: 0.1412938
A46: 86 - Vienne | B46: =TRIM(LEFT(A46,3)) -> 86 | C46: 117052 | D46: 437691 | E46: 0.26743068 | F46: =VLOOKUP(Tableau1[[#This Row],[Code département]],'Source 2'!A:C, 3, FALSE) -> 24940
A47: 71 - Saône-et-Loire | B47: =TRIM(LEFT(A47,3)) -> 71 | C47: 126486 | D47: 546754 | E47: 0.23133987 | F47: =VLOOKUP(Tableau1[[#This Row],[Code département]],'Source 2'!A:C, 3, FALSE) -> 24970 | H47: Coefficients | I47: Erreur-type | J47: Statistique t | K47: Probabilité | L47: Limite inférieure pour seuil de confiance = 95% | M47: Limite supérieure pour seuil de confiance = 95% | N47: Limite inférieure pour seuil de confiance = 95,0% | O47: Limite supérieure pour seuil de confiance = 95,0%
A48: 72 - Sarthe | B48: =TRIM(LEFT(A48,3)) -> 72 | C48: 151550 | D48: 564913 | E48: 0.2682714 | F48: =VLOOKUP(Tableau1[[#This Row],[Code département]],'Source 2'!A:C, 3, FALSE) -> 24990 | G48: Constante | H48: 0.20192329 | I48: 0.048157066 | J48: 4.1930148 | K48: 6.1774196e-05 | L48: 0.10631943 | M48: 0.29752715 | N48: 0.10631943 | O48: 0.29752715
A49: 05 - Hautes-Alpes | B49: =TRIM(LEFT(A49,3)) -> 05 | C49: 53210 | D49: 141906 | E49: 0.37496653 | F49: =VLOOKUP(Tableau1[[#This Row],[Code département]],'Source 2'!A:C, 3, FALSE) -> 25060 | G49: Variable X 1 | H49: 2.2396689e-06 | I49: 1.8834854e-06 | J49: 1.1891087 | K49: 0.23736061 | L49: -1.4995224e-06 | M49: 5.9788602e-06 | N49: -1.4995224e-06 | O49: 5.9788602e-06
A50: 79 - Deux-Sèvres | B50: =TRIM(LEFT(A50,3)) -> 79 | C50: 100984 | D50: 374890 | E50: 0.26936968 | F50: =VLOOKUP(Tableau1[[#This Row],[Code département]],'Source 2'!A:C, 3, FALSE) -> 25080
A51: 43 - Haute-Loire | B51: =TRIM(LEFT(A51,3)) -> 43 | C51: 65147 | D51: 228010 | E51: 0.28571992 | F51: =VLOOKUP(Tableau1[[#This Row],[Code département]],'Source 2'!A:C, 3, FALSE) -> 25140
A52: 53 - Mayenne | B52: =TRIM(LEFT(A52,3)) -> 53 | C52: 103751 | D52: 303859 | E52: 0.34144455 | F52: =VLOOKUP(Tableau1[[#This Row],[Code département]],'Source 2'!A:C, 3, FALSE) -> 25140 | G52: Observations
A53: 26 - Drôme | B53: =TRIM(LEFT(A53,3)) -> 26 | C53: 144146 | D53: 523457 | E53: 0.27537314 | F53: =VLOOKUP(Tableau1[[#This Row],[Code département]],'Source 2'!A:C, 3, FALSE) -> 25210
A54: 41 - Loir-et-Cher | B54: =TRIM(LEFT(A54,3)) -> 41 | C54: 86087 | D54: 328012 | E54: 0.26245076 | F54: =VLOOKUP(Tableau1[[#This Row],[Code département]],'Source 2'!A:C, 3, FALSE) -> 25240 | G54: A l'chelle départemental, le revenu médian n'a pas d'effet statistique significatif sur le taux de pratique sportive licenciée (p = 0,237, R² = 0,015). Ce résultat s'explique peut être par le fait que le taux de pratique agrège des fédérations aux profils socio-économiques très différents, diluant possiblement l'effet du revenu qui pourrait exister sport par sport.
A55: 50 - Manche | B55: =TRIM(LEFT(A55,3)) -> 50 | C55: 134140 | D55: 496331 | E55: 0.27026319 | F55: =VLOOKUP(Tableau1[[#This Row],[Code département]],'Source 2'!A:C, 3, FALSE) -> 25430
A56: 27 - Eure | B56: =TRIM(LEFT(A56,3)) -> 27 | C56: 141880 | D56: 601853 | E56: 0.23573863 | F56: =VLOOKUP(Tableau1[[#This Row],[Code département]],'Source 2'!A:C, 3, FALSE) -> 25520
A57: 49 - Maine-et-Loire | B57: =TRIM(LEFT(A57,3)) -> 49 | C57: 243313 | D57: 832858 | E57: 0.29214224 | F57: =VLOOKUP(Tableau1[[#This Row],[Code département]],'Source 2'!A:C, 3, FALSE) -> 25550
A58: 22 - Côtes-d'Armor | B58: =TRIM(LEFT(A58,3)) -> 22 | C58: 181468 | D58: 613301 | E58: 0.29588734 | F58: =VLOOKUP(Tableau1[[#This Row],[Code département]],'Source 2'!A:C, 3, FALSE) -> 25590
A59: 14 - Calvados | B59: =TRIM(LEFT(A59,3)) -> 14 | C59: 183425 | D59: 709128 | E59: 0.25866275 | F59: =VLOOKUP(Tableau1[[#This Row],[Code département]],'Source 2'!A:C, 3, FALSE) -> 25600
A60: 13 - Bouches-du-Rhône | B60: =TRIM(LEFT(A60,3)) -> 13 | C60: 511364 | D60: 2083682 | E60: 0.24541365 | F60: =VLOOKUP(Tableau1[[#This Row],[Code département]],'Source 2'!A:C, 3, FALSE) -> 25610
A61: 40 - Landes | B61: =TRIM(LEFT(A61,3)) -> 40 | C61: 141001 | D61: 436872 | E61: 0.32275129 | F61: =VLOOKUP(Tableau1[[#This Row],[Code département]],'Source 2'!A:C, 3, FALSE) -> 25650
A62: 51 - Marne | B62: =TRIM(LEFT(A62,3)) -> 51 | C62: 125778 | D62: 560550 | E62: 0.2243832 | F62: =VLOOKUP(Tableau1[[#This Row],[Code département]],'Source 2'!A:C, 3, FALSE) -> 25700
A63: 17 - Charente-Maritime | B63: =TRIM(LEFT(A63,3)) -> 17 | C63: 165025 | D63: 677189 | E63: 0.2436912 | F63: =VLOOKUP(Tableau1[[#This Row],[Code département]],'Source 2'!A:C, 3, FALSE) -> 25710
A64: 45 - Loiret | B64: =TRIM(LEFT(A64,3)) -> 45 | C64: 185693 | D64: 689845 | E64: 0.26918076 | F64: =VLOOKUP(Tableau1[[#This Row],[Code département]],'Source 2'!A:C, 3, FALSE) -> 25800
A65: 85 - Vendée | B65: =TRIM(LEFT(A65,3)) -> 85 | C65: 223676 | D65: 717667 | E65: 0.31167101 | F65: =VLOOKUP(Tableau1[[#This Row],[Code département]],'Source 2'!A:C, 3, FALSE) -> 25850
A66: 95 - Val-d'Oise | B66: =TRIM(LEFT(A66,3)) -> 95 | C66: 263368 | D66: 1282581 | E66: 0.2053422 | F66: =VLOOKUP(Tableau1[[#This Row],[Code département]],'Source 2'!A:C, 3, FALSE) -> 25890
... A99: 92 - Hauts-de-Seine | B99: =TRIM(LEFT(A99,3)) -> 92 | C99: 382914 | D99: 1658614 | E99: 0.23086384 | F99: =VLOOKUP(Tableau1[[#This Row],[Code département]],'Source 2'!A:C, 3, FALSE) -> 33790
A100: Total Métropole+DROM | C100: 17012838 | D100: 68436616 | E100: 0.24859262 | F100: =IFERROR(VLOOKUP(#REF!,[2]RevenuMedian!A:C,3,FALSE),"")
A101: 971 - Guadeloupe | B101: =TRIM(LEFT(A101,3)) -> 971 | C101: 75878 | D101: 381909 | E101: 0.19868084 | F101: =IFERROR(VLOOKUP(Tableau1[[#This Row],[Code département]],'Source 2'!A:C, 3, FALSE)," ")
A102: 972 - Martinique | B102: =TRIM(LEFT(A102,3)) -> 972 | C102: 67647 | D102: 357590 | E102: 0.18917475 | F102: =IFERROR(VLOOKUP(Tableau1[[#This Row],[Code département]],'Source 2'!A:C, 3, FALSE)," ")
A103: 973 - Guyane | B103: =TRIM(LEFT(A103,3)) -> 973 | C103: 47176 | D103: 291774 | E103: 0.16168678 | F103: =IFERROR(VLOOKUP(Tableau1[[#This Row],[Code département]],'Source 2'!A:C, 3, FALSE)," ")
A104: 976 - Mayotte | B104: =TRIM(LEFT(A104,3)) -> 976 | C104: 44143 | D104: 320282 | E104: 0.13782542 | F104: =IFERROR(VLOOKUP(Tableau1[[#This Row],[Code département]],'Source 2'!A:C, 3, FALSE)," ")
A105: Total DROM | C105: 408681 | D105: 2243657 | E105: 0.1821495 | F105: =IFERROR(VLOOKUP(Tableau1[[#This Row],[Code département]],'Source 2'!A:C, 3, FALSE)," ")
A106: Total Métropole | B106: =TRIM(LEFT(A106,3)) -> Tot | C106: 16604157 | D106: 66192959 | E106: 0.25084476 | F106: =IFERROR(VLOOKUP(Tableau1[[#This Row],[Code département]],'Source 2'!A:C, 3, FALSE)," ")
A107: Notes
A108: Guadeloupe, Martinique, Guyane et Mayotte exclus de l'analyse en raison de données de revenu médian indisponibles dans la source INSEE-Filosofi utilisée

Sheet Source 2
A1: Niveau de vie annuel médian en 2023
A3: en euros
A4: Code département | B4: Département | C4: Niveau de vie annuel médian
A5: 01 | B5: Ain | C5: 27990
A6: 02 | B6: Aisne | C6: 23360
A7: 03 | B7: Allier | C7: 24430
A8: 04 | B8: Alpes-de-Haute-Provence | C8: 24240
A9: 05 | B9: Hautes-Alpes | C9: 25060
A10: 06 | B10: Alpes-Maritimes | C10: 26380
A11: 07 | B11: Ardèche | C11: 24820
A12: 08 | B12: Ardennes | C12: 23500
A13: 09 | B13: Ariège | C13: 23360
A14: 10 | B14: Aube | C14: 24130
A15: 11 | B15: Aude | C15: 23060
A16: 12 | B16: Aveyron | C16: 24780
... A101: 974 | B101: La Réunion | C101: 19110
A102: Lecture : en 2023, dans l'Ain, la moitié de la population a un niveau de vie inférieur à 27 990 euros.
A103: Champ : France métropolitaine et La Réunion ; personnes appartenant à des ménages fiscaux vivant dans un logement ordinaire dont le revenu disponible est positif ou nul.
A104: Source : Insee-DGFiP-Cnaf-Cnav-CCMSA, Fichier localisé social et fiscal (Filosofi) 2023.

Sheet Source 1
A1: 5b. Licences annuelles par département pour la saison 2024 ou 2023/2024
A2: Données au 15/07/2025
A3: Source : Recensement des licences et clubs, INJEP-MEDES
A4: Groupe | B4: Code | C4: Fédération | D4: 01 - Ain | E4: 02 - Aisne | F4: 03 - Allier | G4: 04 - Alpes-de-Haute-Provence | H4: 05 - Hautes-Alpes | I4: 06 - Alpes-Maritimes | J4: 07 - Ardèche | K4: 08 - Ardennes | L4: 09 - Ariège | M4: 10 - Aube | N4: 11 - Aude | O4: 12 - Aveyron | P4: 13 - Bouches-du-Rhône | Q4: 14 - Calvados | R4: 15 - Cantal | S4: 16 - Charente | T4: 17 - Charente-Maritime | U4: 18 - Cher | V4: 19 - Corrèze | W4: 21 - Côte-d'Or | X4: 22 - Côtes-d'Armor | Y4: 23 - Creuse | Z4: 24 - Dordogne | AA4: 25 - Doubs | AB4: 26 - Drôme | AC4: 27 - Eure | AD4: 28 - Eure-et-Loir | AE4: 29 - Finistère | AF4: 2A - Corse-du-Sud | AG4: 2B - Haute-Corse | AH4: 30 - Gard | AI4: 31 - Haute-Garonne | AJ4: 32 - Gers | AK4: 33 - Gironde | AL4: 34 - Hérault | AM4: 35 - Ille-et-Vilaine | AN4: 36 - Indre | AO4: 37 - Indre-et-Loire | AP4: 38 - Isère | AQ4: 39 - Jura | AR4: 40 - Landes | AS4: 41 - Loir-et-Cher | AT4: 42 - Loire | AU4: 43 - Haute-Loire | AV4: 44 - Loire-Atlantique | AW4: 45 - Loiret | AX4: 46 - Lot | AY4: 47 - Lot-et-Garonne | AZ4: 48 - Lozère | BA4: 49 - Maine-et-Loire | BB4: 50 - Manche | BC4: 51 - Marne | BD4: 52 - Haute-Marne | BE4: 53 - Mayenne | BF4: 54 - Meurthe-et-Moselle | BG4: 55 - Meuse | BH4: 56 - Morbihan | BI4: 57 - Moselle | BJ4: 58 - Nièvre | BK4: 59 - Nord | BL4: 60 - Oise | BM4: 61 - Orne | BN4: 62 - Pas-de-Calais | BO4: 63 - Puy-de-Dôme | BP4: 64 - Pyrénées-Atlantiques | BQ4: 65 - Hautes-Pyrénées | BR4: 66 - Pyrénées-Orientales | BS4: 67 - Bas-Rhin | BT4: 68 - Haut-Rhin | BU4: 69 - Rhône | BV4: 70 - Haute-Saône | BW4: 71 - Saône-et-Loire | BX4: 72 - Sarthe | BY4: 73 - Savoie | BZ4: 74 - Haute-Savoie | CA4: 75 - Paris | CB4: 76 - Seine-Maritime | CC4: 77 - Seine-et-Marne | CD4: 78 - Yvelines | CE4: 79 - Deux-Sèvres | CF4: 80 - Somme | CG4: 81 - Tarn | CH4: 82 - Tarn-et-Garonne | CI4: 83 - Var | CJ4: 84 - Vaucluse | CK4: 85 - Vendée | CL4: 86 - Vienne | CM4: 87 - Haute-Vienne | CN4: 88 - Vosges | CO4: 89 - Yonne | CP4: 90 - Territoire de Belfort | CQ4: 91 - Essonne | CR4: 92 - Hauts-de-Seine | CS4: 93 - Seine-Saint-Denis | CT4: 94 - Val-de-Marne | CU4: 95 - Val-d'Oise | CV4: Total Métropole | CW4: 971 - Guadeloupe | CX4: 972 - Martinique | CY4: 973 - Guyane | CZ4: 974 - La Réunion | DA4: 976 - Mayotte | DB4: Total DROM | DC4: Total Métropole+DROM | DD4: 975 - St-Pierre-et-Miquelon | DE4: 977 - St-Barthélemy | DF4: 978 - St-Martin | DG4: 986 - Wallis-et-Futuna | DH4: 987 - Polynésie Française | DI4: 988 - Nouvelle-Calédonie | DJ4: Total COM | DK4: 980 - Monaco | DL4: Etranger | DM4: Non réparti | DN4: Total
A5: 1. Olympique(38) | D5: 108401 | E5: 66114 | F5: 46529 | G5: 24278 | H5: 27557 | I5: 175189 | J5: 50197 | K5: 34155 | L5: 24561 | M5: 37160 | N5: 51212 | O5: 40753 | P5: 288377 | Q5: 115366 | R5: 21348 | S5: 48806 | T5: 102192 | U5: 43406 | V5: 37124 | W5: 77398 | X5: 105693 | Y5: 14269 | Z5: 58929 | AA5: 78923 | AB5: 81417 | AC5: 91051 | AD5: 62842 | AE5: 152689 | AF5: 23902 | AG5: 25982 | AH5: 114510 | AI5: 236672 | AJ5: 34041 | AK5: 276744 | AL5: 172775 | AM5: 197604 | AN5: 31804 | AO5: 92192 | AP5: 204410 | AQ5: 40587 | AR5: 79823 | AS5: 50516 | AT5: 111782 | AU5: 36950 | AV5: 260945 | AW5: 104545 | AX5: 28094 | AY5: 51318 | AZ5: 10902 | BA5: 137906 | BB5: 81711 | BC5: 71028 | BD5: 23278 | BE5: 54642 | BF5: 99774 | BG5: 24611 | BH5: 134736 | BI5: 155219 | BJ5: 26629 | BK5: 346321 | BL5: 125071 | BM5: 34908 | BN5: 188776 | BO5: 103965 | BP5: 128736 | BQ5: 39317 | BR5: 67326 | BS5: 189165 | BT5: 115785 | BU5: 269437 | BV5: 30703 | BW5: 76008 | BX5: 82403 | BY5: 77789 | BZ5: 156570 | CA5: 205047 | CB5: 184703 | CC5: 206757 | CD5: 260463 | CE5: 57523 | CF5: 75394 | CG5: 60770 | CH5: 40467 | CI5: nd | CJ5: 82286 | CK5: 117566 | CL5: 68307 | CM5: 54758 | CN5: 50702 | CO5: 42235 | CP5: 18908 | CQ5: 198323 | CR5: 262302 | CS5: 146550 | CT5: 178775 | CU5: 168958 | CV5: 9744646 | CW5: 43111 | CX5: 38147 | CY5: 26894 | CZ5: 99617 | DA5: 25349 | DB5: 233118 | DC5: 9977764 | DD5: 2369 | DE5: 1365 | DF5: 3989 | DG5: 1277 | DH5: 6250 | DI5: 21776 | DJ5: 37026 | DK5: 7523 | DL5: 43313 | DM5: 0 | DN5: 10065626
B6: 111 | C6: Fédération Française de Football | D6: 25644 | E6: 21159 | F6: 14161 | G6: 4121 | H6: 2744 | I6: 28454 | J6: 11731 | K6: 11003 | L6: 4834 | M6: 9561 | N6: 10371 | O6: 12250 | P6: 53481 | Q6: 25370 | R6: 6525 | S6: 13221 | T6: 18216 | U6: 10685 | V6: 9102 | W6: 16144 | X6: 30330 | Y6: 4940 | Z6: 13896 | AA6: 24478 | AB6: 17160 | AC6: 20926 | AD6: 15954 | AE6: 41907 | AF6: 4969 | AG6: 6650 | AH6: 21903 | AI6: 45094 | AJ6: 6016 | AK6: 48986 | AL6: 34507 | AM6: 51943 | AN6: 10388 | AO6: 18869 | AP6: 43659 | AQ6: 10261 | AR6: 13373 | AS6: 12523 | AT6: 32139 | AU6: 11606 | AV6: 62427 | AW6: 21766 | AX6: 6218 | AY6: 9367 | AZ6: 3351 | BA6: 39101 | BB6: 18922 | BC6: 16534 | BD6: 7538 | BE6: 19623 | BF6: 25536 | BG6: 6349 | BH6: 34881 | BI6: 47867 | BJ6: 6436 | BK6: 104728 | BL6: 35046 | BM6: 10602 | BN6: 72696 | BO6: 23871 | BP6: 21607 | BQ6: 6962 | BR6: 11439 | BS6: 51192 | BT6: 31643 | BU6: 55726 | BV6: 9427 | BW6: 20046 | BX6: 24417 | BY6: 12233 | BZ6: 28754 | CA6: 25347 | CB6: 45080 | CC6: 49137 | CD6: 47185 | CE6: 18231 | CF6: 24056 | CG6: 12735 | CH6: 9637 | CI6: 27317 | CJ6: 16977 | CK6: 33655 | CL6: 18247 | CM6: 13002 | CN6: 12469 | CO6: 12158 | CP6: 5143 | CQ6: 43332 | CR6: 36506 | CS6: 45285 | CT6: 36429 | CU6: 44564 | CV6: 2274051 | CW6: 12925 | CX6: 10496 | CY6: 8599 | CZ6: 28009 | DA6: 15782 | DB6: 75811 | DC6: 2349862 | DD6: 809 | DE6: 9 | DF6: 1027 | DG6: 0 | DH6: 1 | DI6: 5 | DJ6: 1851 | DK6: 497 | DL6: 28 | DM6: 0 | DN6: 2352238
B7: 123 | C7: Fédération Française de Tennis | D7: 12492 | E7: 5440 | F7: 4361 | G7: 2742 | H7: 1935 | I7: 26906 | J7: 4786 | K7: 2360 | L7: 2557 | M7: 4175 | N7: 6092 | O7: 3011 | P7: 44424 | Q7: 10061 | R7: 1600 | S7: 4636 | T7: 10777 | U7: 3633 | V7: 2839 | W7: 6932 | X7: 8159 | Y7: 1194 | Z7: 6437 | AA7: 6179 | AB7: 9720 | AC7: 9230 | AD7: 7328 | AE7: 13120 | AF7: 2587 | AG7: 3090 | AH7: 14606 | AI7: 31559 | AJ7: 3578 | AK7: 37163 | AL7: 27923 | AM7: 16687 | AN7: 2469 | AO7: 10274 | AP7: 22716 | AQ7: 2613 | AR7: 9040 | AS7: 5864 | AT7: 11303 | AU7: 3688 | AV7: 25136 | AW7: 12364 | AX7: 2518 | AY7: 5377 | AZ7: 808 | BA7: 10579 | BB7: 7168 | BC7: 9525 | BD7: 2131 | BE7: 3277 | BF7: 9962 | BG7: 2690 | BH7: 10021 | BI7: 18602 | BJ7: 2584 | BK7: 37870 | BL7: 14467 | BM7: 3189 | BN7: 13566 | BO7: 10460 | BP7: 12687 | BQ7: 3491 | BR7: 10872 | BS7: 19382 | BT7: 11234 | BU7: 37950 | BV7: 1667 | BW7: 5774 | BX7: 5862 | BY7: 7656 | BZ7: 19428 | CA7: 47390 | CB7: 21085 | CC7: 25467 | CD7: 45536 | CE7: 4099 | CF7: 8241 | CG7: 6010 | CH7: 4031 | CI7: 23221 | CJ7: 10523 | CK7: 9006 | CL7: 6450 | CM7: 4857 | CN7: 5158 | CO7: 3926 | CP7: 1639 | CQ7: 26248 | CR7: 54240 | CS7: 17457 | CT7: 24595 | CU7: 22302 | CV7: 1138064 | CW7: 3719 | CX7: 3290 | CY7: 1463 | CZ7: 11432 | DA7: 250 | DB7: 20154 | DC7: 1158218 | DD7: 115 | DE7: 487 | DF7: 1150 | DG7: 58 | DH7: 10 | DI7: 2187 | DJ7: 4007 | DK7: 2793 | DL7: 4736 | DM7: 0 | DN7: 1169754
B8: 109 | C8: Fédération Française d'Équitation | D8: 8176 | E8: 5413 | F8: 3272 | G8: 1965 | H8: 1584 | I8: 6989 | J8: 3705 | K8: 2458 | L8: 1698 | M8: 2937 | N8: 3570 | O8: 3138 | P8: 15243 | Q8: 8366 | R8: 2021 | S8: 4240 | T8: 8352 | U8: 3623 | V8: 2482 | W8: 5745 | X8: 6922 | Y8: 1315 | Z8: 4856 | AA8: 5783 | AB8: 5419 | AC8: 8473 | AD8: 5257 | AE8: 8809 | AF8: 1293 | AG8: 1565 | AH8: 8638 | AI8: 14728 | AJ8: 2398 | AK8: 18238 | AL8: 11028 | AM8: 11314 | AN8: 2572 | AO8: 7850 | AP8: 12688 | AQ8: 3160 | AR8: 4601 | AS8: 3815 | AT8: 7533 | AU8: 2455 | AV8: 15654 | AW8: 6840 | AX8: 2228 | AY8: 3571 | AZ8: 1007 | BA8: 8800 | BB8: 7168 | BC8: 5645 | BD8: 1912 | BE8: 3027 | BF8: 7745 | BG8: 2306 | BH8: 8565 | BI8: 9848 | BJ8: 2053 | BK8: 23872 | BL8: 10609 | BM8: 3995 | BN8: 13913 | BO8: 6622 | BP8: 7379 | BQ8: 2584 | BR8: 4182 | BS8: 11572 | BT8: 6475 | BU8: 13317 | BV8: 2918 | BW8: 5759 | BX8: 5227 | BY8: 4209 | BZ8: 10147 | CA8: 11093 | CB8: 12952 | CC8: 14738 | CD8: 18230 | CE8: 4470 | CF8: 6913 | CG8: 4454 | CH8: 3052 | CI8: 9265 | CJ8: 4864 | CK8: 6842 | CL8: 4739 | CM8: 3753 | CN8: 3707 | CO8: 3477 | CP8: 1532 | CQ8: 11071 | CR8: 13483 | CS8: 3758 | CT8: 7211 | CU8: 8120 | CV8: 632560 | CW8: 1214 | CX8: 1185 | CY8: 664 | CZ8: 3008 | DA8: 25 | DB8: 6096 | DC8: 638656 | DD8: 58 | DE8: 10 | DF8: 31 | DG8: 0 | DH8: 433 | DI8: 1797 | DJ8: 2329 | DK8: 318 | DL8: 6951 | DM8: 0 | DN8: 648254
B9: 105 | C9: Fédération Française de Basketball | D9: 7362 | E9: 3448 | F9: 2710 | G9: 748 | H9: 659 | I9: 8060 | J9: 3077 | K9: 1760 | L9: 1295 | M9: 1507 | N9: 1433 | O9: 2486 | P9: 12915 | Q9: 7654 | R9: 548 | S9: 2520 | T9: 5109 | U9: 2241 | V9: 1660 | W9: 4549 | X9: 5099 | Y9: 1339 | Z9: 3158 | AA9: 2393 | AB9: 4625 | AC9: 5019 | AD9: 3627 | AE9: 7981 | AF9: 647 | AG9: 842 | AH9: 4315 | AI9: 13328 | AJ9: 2739 | AK9: 13241 | AL9: 6994 | AM9: 16980 | AN9: 2028 | AO9: 6835 | AP9: 12775 | AQ9: 1829 | AR9: 9309 | AS9: 2871 | AT9: 14415 | AU9: 2313 | AV9: 27167 | AW9: 8232 | AX9: 1074 | AY9: 5475 | AZ9: 125 | BA9: 18720 | BB9: 3108 | BC9: 4205 | BD9: 482 | BE9: 3950 | BF9: 6061 | BG9: 1244 | BH9: 8703 | BI9: 5821 | BJ9: 1370 | BK9: 29784 | BL9: 6716 | BM9: 1564 | BN9: 16209 | BO9: 8115 | BP9: 7994 | BQ9: 2331 | BR9: 3170 | BS9: 15548 | BT9: 7626 | BU9: 20075 | BV9: 1296 | BW9: 5400 | BX9: 8433 | BY9: 3206 | BZ9: 5713 | CA9: 7229 | CB9: 11932 | CC9: 11638 | CD9: 13317 | CE9: 3579 | CF9: 2997 | CG9: 3222 | CH9: 2115 | CI9: 6276 | CJ9: 3470 | CK9: 13097 | CL9: 3702 | CM9: 5074 | CN9: 2445 | CO9: 1964 | CP9: 668 | CQ9: 11734 | CR9: 10538 | CS9: 8149 | CT9: 9214 | CU9: 10026 | CV9: 597746 | CW9: 3272 | CX9: 2945 | CY9: 1996 | CZ9: 4511 | DA9: 2658 | DB9: 15382 | DC9: 613128 | DD9: 0 | DE9: 60 | DF9: 240 | DG9: 78 | DH9: 483 | DI9: 1470 | DJ9: 2331 | DK9: 312 | DL9: 0 | DM9: 0 | DN9: 615771
B10: 115 | C10: Fédération Française de Handball | D10: 4135 | E10: 2454 | F10: 1559 | G10: 2243 | H10: 3025 | I10: 8495 | J10: 3874 | K10: 1657 | L10: 1339 | M10: 4240 | N10: 3789 | O10: 2983 | P10: 20313 | Q10: 13777 | R10: 1418 | S10: 3318 | T10: 4745 | U10: 3106 | V10: 2096 | W10: 6445 | X10: 5267 | Y10: 453 | Z10: 4000 | AA10: 6030 | AB10: 5717 | AC10: 6247 | AD10: 5147 | AE10: 15626 | AF10: 991 | AG10: 470 | AH10: 22702 | AI10: 13033 | AJ10: 2135 | AK10: 17064 | AL10: 12327 | AM10: 10719 | AN10: 1898 | AO10: 5601 | AP10: 8227 | AQ10: 3242 | AR10: 3099 | AS10: 3624 | AT10: 3918 | AU10: 3284 | AV10: 16939 | AW10: 7810 | AX10: 1868 | AY10: 2387 | AZ10: 1265 | BA10: 6479 | BB10: 6317 | BC10: 3605 | BD10: 2057 | BE10: 3485 | BF10: 6730 | BG10: 3329 | BH10: 10645 | BI10: 11518 | BJ10: 1865 | BK10: 12165 | BL10: 5512 | BM10: 1856 | BN10: 5469 | BO10: 3539 | BP10: 8977 | BQ10: 2486 | BR10: 3426 | BS10: 14241 | BT10: 8308 | BU10: 11129 | BV10: 3334 | BW10: 3262 | BX10: 6117 | BY10: 4565 | BZ10: 5532 | CA10: 4821 | CB10: 10301 | CC10: 10412 | CD10: 9706 | CE10: 4089 | CF10: 4179 | CG10: 2630 | CH10: 1840 | CI10: 7801 | CJ10: 11382 | CK10: 5973 | CL10: 4679 | CM10: 4684 | CN10: 2613 | CO10: 2375 | CP10: 1147 | CQ10: 10157 | CR10: 7629 | CS10: 7509 | CT10: 9884 | CU10: 6824 | CV10: 572684 | CW10: 3428 | CX10: 2576 | CY10: 1752 | CZ10: 7128 | DA10: 2993 | DB10: 17877 | DC10: 590561 | DD10: 1 | DE10: 0 | DF10: 1 | DG10: 0 | DH10: 7 | DI10: 581 | DJ10: 590 | DK10: 169 | DL10: 4 | DM10: 0 | DN10: 591324
B11: 117 | C11: Fédération Française de Judo, Jujitsu, Kendo et Disciplines Associées | D11: 5098 | E11: 5389 | F11: 1881 | G11: 1471 | H11: 1425 | I11: 8444 | J11: 1979 | K11: 1223 | L11: 1305 | M11: 1936 | N11: 2335 | O11: 1970 | P11: 13485 | Q11: 6878 | R11: 1046 | S11: 2495 | T11: 5402 | U11: 2248 | V11: 1769 | W11: 5333 | X11: 4319 | Y11: 747 | Z11: 3336 | AA11: 5255 | AB11: 4295 | AC11: 6061 | AD11: 3450 | AE11: 6648 | AF11: 1040 | AG11: 1036 | AH11: 4645 | AI11: 13684 | AJ11: 2261 | AK11: 17009 | AL11: 6822 | AM11: 10151 | AN11: 1771 | AO11: 5804 | AP11: 10941 | AQ11: 2566 | AR11: 3228 | AS11: 1931 | AT11: 5860 | AU11: 1485 | AV11: 11042 | AW11: 6680 | AX11: 1341 | AY11: 2433 | AZ11: 587 | BA11: 6864 | BB11: 3998 | BC11: 4135 | BD11: 1328 | BE11: 2721 | BF11: 5973 | BG11: 1361 | BH11: 6217 | BI11: 9048 | BJ11: 1850 | BK11: 20593 | BL11: 9078 | BM11: 2172 | BN11: 10374 | BO11: 5286 | BP11: 5711 | BQ11: 1569 | BR11: 4506 | BS11: 9634 | BT11: 5608 | BU11: 14644 | BV11: 2066 | BW11: 4504 | BX11: 3666 | BY11: 3330 | BZ11: 6634 | CA11: 10012 | CB11: 11868 | CC11: 16012 | CD11: 15849 | CE11: 2557 | CF11: 5109 | CG11: 2804 | CH11: 2645 | CI11: 6791 | CJ11: 3758 | CK11: 4778 | CL11: 3969 | CM11: 3454 | CN11: 4082 | CO11: 2508 | CP11: 1359 | CQ11: 13162 | CR11: 16059 | CS11: 12588 | CT11: 11178 | CU11: 12517 | CV11: 535469 | CW11: 1990 | CX11: 2393 | CY11: 2016 | CZ11: 3494 | DA11: 526 | DB11: 10419 | DC11: 545888 | DD11: 84 | DE11: 98 | DF11: 0 | DG11: 1 | DH11: 21 | DI11: 1196 | DJ11: 1400 | DK11: 169 | DL11: 214 | DM11: 0 | DN11: 547671
B12: 132 | C12: Fédération Française de Golf | D12: 5587 | E12: 1418 | F12: 1600 | G12: 896 | H12: 610 | I12: 11972 | J12: 1080 | K12: 366 | L12: 643 | M12: 999 | N12: 1535 | O12: 841 | P12: 14488 | Q12: 4714 | R12: 698 | S12: 1923 | T12: 6433 | U12: 1310 | V12: 1114 | W12: 2988 | X12: 3902 | Y12: 316 | Z12: 2405 | AA12: 1885 | AB12: 2549 | AC12: 2975 | AD12: 1975 | AE12: 3655 | AF12: 1239 | AG12: 609 | AH12: 4068 | AI12: 14038 | AJ12: 1413 | AK12: 17714 | AL12: 5984 | AM12: 7545 | AN12: 591 | AO12: 3539 | AP12: 6129 | AQ12: 1299 | AR12: 5853 | AS12: 1499 | AT12: 3721 | AU12: 819 | AV12: 9939 | AW12: 3307 | AX12: 964 | AY12: 2115 | AZ12: 166 | BA12: 4021 | BB12: 3307 | BC12: 3428 | BD12: 301 | BE12: 942 | BF12: 3012 | BG12: 498 | BH12: 4905 | BI12: 4403 | BJ12: 559 | BK12: 14078 | BL12: 4232 | BM12: 1119 | BN12: 5247 | BO12: 4089 | BP12: 10770 | BQ12: 1649 | BR12: 2037 | BS12: 5865 | BT12: 3261 | BU12: 13711 | BV12: 469 | BW12: 1880 | BX12: 2236 | BY12: 2817 | BZ12: 8102 | CA12: 23298 | CB12: 6981 | CC12: 7191 | CD12: 19797 | CE12: 1517 | CF12: 1838 | CG12: 2489 | CH12: 1284 | CI12: 10737 | CJ12: 3532 | CK12: 3575 | CL12: 1895 | CM12: 1970 | CN12: 1123 | CO12: 1105 | CP12: 507 | CQ12: 7682 | CR12: 22300 | CS12: 2583 | CT12: 6928 | CU12: 6858 | CV12: 415556 | CW12: 701 | CX12: 514 | CY12: 217 | CZ12: 3162 | DA12: 68 | DB12: 4662 | DC12: 420218 | DD12: 1 | DE12: 30 | DF12: 72 | DG12: 1 | DH12: 897 | DI12: 1269 | DJ12: 2270 | DK12: 1184 | DL12: 18864 | DM12: 0 | DN12: 442536
B13: 133 | C13: Fédération Française de Rugby | D13: 6496 | E13: 1688 | F13: 2573 | G13: 929 | H13: 817 | I13: 3606 | J13: 4470 | K13: 538 | L13: 3677 | M13: 788 | N13: 6962 | O13: 3985 | P13: 10754 | Q13: 1806 | R13: 3226 | S13: 2975 | T13: 5798 | U13: 2221 | V13: 5569 | W13: 3444 | X13: 1940 | Y13: 515 | Z13: 6070 | AA13: 1775 | AB13: 7182 | AC13: 2401 | AD13: 1977 | AE13: 4920 | AF13: 792 | AG13: 916 | AH13: 5294 | AI13: 21749 | AJ13: 6157 | AK13: 18260 | AL13: 11754 | AM13: 3626 | AN13: 1318 | AO13: 3224 | AP13: 16094 | AQ13: 2315 | AR13: 10733 | AS13: 1870 | AT13: 2619 | AU13: 1715 | AV13: 6173 | AW13: 3217 | AX13: 3829 | AY13: 7553 | AZ13: 683 | BA13: 2770 | BB13: 1637 | BC13: 1443 | BD13: 421 | BE13: 608 | BF13: 1931 | BG13: 555 | BH13: 4194 | BI13: 1686 | BJ13: 1369 | BK13: 6929 | BL13: 2718 | BM13: 721 | BN13: 2383 | BO13: 8202 | BP13: 17462 | BQ13: 6233 | BR13: 7090 | BS13: 2757 | BT13: 1681 | BU13: 9387 | BV13: 479 | BW13: 5166 | BX13: 997 | BY13: 3179 | BZ13: 4345 | CA13: 5142 | CB13: 4336 | CC13: 5110 | CD13: 8030 | CE13: 2250 | CF13: 981 | CG13: 8283 | CH13: 5440 | CI13: 8856 | CJ13: 4467 | CK13: 2589 | CL13: 1888 | CM13: 3152 | CN13: 759 | CO13: 1530 | CP13: 232 | CQ13: 6515 | CR13: 8502 | CS13: 4310 | CT13: 4184 | CU13: 3292 | CV13: 415184 | CW13: 1284 | CX13: 967 | CY13: 1159 | CZ13: 3128 | DA13: 882 | DB13: 7420 | DC13: 422604 | DD13: 48 | DE13: 145 | DF13: 185 | DG13: 365 | DH13: 3 | DI13: 360 | DJ13: 1106 | DK13: 91 | DL13: 492 | DM13: 0 | DN13: 424293
B14: 119 | C14: Fédération Française de Natation | D14: 3258 | E14: 2143 | F14: 2110 | G14: 756 | H14: 1832 | I14: 11680 | J14: 1918 | K14: 2157 | L14: 887 | M14: 806 | N14: 989 | O14: 1506 | P14: 18858 | Q14: 3742 | R14: 399 | S14: 1509 | T14: 2293 | U14: 1858 | V14: 774 | W14: 3672 | X14: 2609 | Y14: 393 | Z14: 1217 | AA14: 2453 | AB14: 2492 | AC14: 3396 | AD14: 1460 | AE14: 3371 | AF14: 529 | AG14: 1800 | AH14: 3156 | AI14: 10218 | AJ14: 802 | AK14: 7720 | AL14: 5848 | AM14: 4272 | AN14: 1038 | AO14: 3134 | AP14: 9940 | AQ14: 1465 | AR14: 1828 | AS14: 2119 | AT14: 3652 | AU14: 1426 | AV14: 8444 | AW14: 3007 | AX14: 1325 | AY14: 1048 | AZ14: 133 | BA14: 4103 | BB14: 2808 | BC14: 2289 | BD14: 580 | BE14: 1279 | BF14: 2859 | BG14: 783 | BH14: 2741 | BI14: 5621 | BJ14: 1243 | BK14: 9825 | BL14: 4302 | BM14: 815 | BN14: 6764 | BO14: 4782 | BP14: 4780 | BQ14: 1227 | BR14: 2696 | BS14: 8990 | BT14: 4761 | BU14: 15786 | BV14: 821 | BW14: 3968 | BX14: 2164 | BY14: 2227 | BZ14: 5292 | CA14: 7691 | CB14: 5664 | CC14: 8758 | CD14: 12499 | CE14: 1515 | CF14: 2130 | CG14: 1945 | CH14: 926 | CI14: 12776 | CJ14: 3405 | CK14: 2290 | CL14: 4185 | CM14: 1618 | CN14: 1309 | CO14: 2911 | CP14: 843 | CQ14: 12070 | CR14: 12265 | CS14: 7725 | CT14: 11626 | CU14: 9974 | CV14: 381073 | CW14: 1668 | CX14: 2132 | CY14: 2708 | CZ14: 6739 | DA14: 14 | DB14: 13261 | DC14: 394334 | DD14: 86 | DE14: 13 | DF14: 202 | DG14: 0 | DH14: 3399 | DI14: 3762 | DJ14: 7462 | DK14: 139 | DL14: 436 | DM14: 0 | DN14: 402371
B15: 113 | C15: Fédération Française de Gymnastique | D15: 6636 | E15: 2903 | F15: 2118 | G15: 738 | H15: 1034 | I15: 6695 | J15: 1639 | K15: 1785 | L15: 754 | M15: 1127 | N15: 1459 | O15: 1230 | P15: 7848 | Q15: 4254 | R15: 119 | S15: 1497 | T15: 2853 | U15: 2676 | V15: 953 | W15: 2712 | X15: 2837 | Y15: 22 | Z15: 1327 | AA15: 2854 | AB15: 2283 | AC15: 4591 | AD15: 1747 | AE15: 3110 | AF15: 900 | AG15: 916 | AH15: 1824 | AI15: 6532 | AJ15: 980 | AK15: 9394 | AL15: 4136 | AM15: 5591 | AN15: 676 | AO15: 2428 | AP15: 3236 | AQ15: 1404 | AR15: 1241 | AS15: 1873 | AT15: 2550 | AU15: 1268 | AV15: 5131 | AW15: 4620 | AX15: 1020 | AY15: 1829 | AZ15: 3 | BA15: 4771 | BB15: 3456 | BC15: 2788 | BD15: 1304 | BE15: 1494 | BF15: 4895 | BG15: 250 | BH15: 2147 | BI15: 7913 | BJ15: 1407 | BK15: 10117 | BL15: 4260 | BM15: 879 | BN15: 4425 | BO15: 2756 | BP15: 2389 | BQ15: 473 | BR15: 1230 | BS15: 9370 | BT15: 6819 | BU15: 11439 | BV15: 1451 | BW15: 3742 | BX15: 3700 | BY15: 1678 | BZ15: 4268 | CA15: 3807 | CB15: 10881 | CC15: 9000 | CD15: 9272 | CE15: 4365 | CF15: 1527 | CG15: 2023 | CH15: 1060 | CI15: 5267 | CJ15: 3531 | CK15: 3921 | CL15: 3846 | CM15: 1211 | CN15: 2364 | CO15: 1675 | CP15: 1143 | CQ15: 6654 | CR15: 11134 | CS15: 7593 | CT15: 9149 | CU15: 6139 | CV15: 332336 | CW15: 1167 | CX15: 1547 | CY15: 907 | CZ15: 4413 | DA15: 110 | DB15: 8144 | DC15: 340480 | DD15: 0 | DE15: 0 | DF15: 64 | DG15: 0 | DH15: 0 | DI15: 965 | DJ15: 1029 | DK15: 465 | DL15: 13 | DM15: 0 | DN15: 341987
B16: 101 | C16: Fédération Française d'Athlétisme | D16: 2575 | E16: 2531 | F16: 1380 | G16: 671 | H16: 842 | I16: 4411 | J16: 1135 | K16: 2490 | L16: 307 | M16: 1460 | N16: 1335 | O16: 1007 | P16: 8166 | Q16: 3565 | R16: 636 | S16: 1766 | T16: 2973 | U16: 1252 | V16: 1381 | W16: 2537 | X16: 3267 | Y16: 602 | Z16: 1436 | AA16: 2145 | AB16: 1865 | AC16: 3077 | AD16: 1908 | AE16: 3978 | AF16: 773 | AG16: 734 | AH16: 3575 | AI16: 6059 | AJ16: 619 | AK16: 8328 | AL16: 4539 | AM16: 7584 | AN16: 809 | AO16: 2911 | AP16: 5556 | AQ16: 1267 | AR16: 1836 | AS16: 2163 | AT16: 3351 | AU16: 1061 | AV16: 9759 | AW16: 3391 | AX16: 769 | AY16: 1315 | AZ16: 512 | BA16: 5913 | BB16: 2841 | BC16: 2503 | BD16: 696 | BE16: 2442 | BF16: 3095 | BG16: 604 | BH16: 4638 | BI16: 3642 | BJ16: 737 | BK16: 9908 | BL16: 4314 | BM16: 822 | BN16: 6494 | BO16: 3422 | BP16: 3600 | BQ16: 1449 | BR16: 1356 | BS16: 4242 | BT16: 3001 | BU16: 6638 | BV16: 594 | BW16: 1928 | BX16: 3598 | BY16: 2164 | BZ16: 3919 | CA16: 4063 | CB16: 5826 | CC16: 7415 | CD16: 8482 | CE16: 1462 | CF16: 3153 | CG16: 2371 | CH16: 840 | CI16: 5422 | CJ16: 2431 | CK16: 4072 | CL16: 1503 | CM16: 2331 | CN16: 2423 | CO16: 1402 | CP16: 573 | CQ16: 7397 | CR16: 8537 | CS16: 3844 | CT16: 6702 | CU16: 6051 | CV16: 298469 | CW16: 2690 | CX16: 2723 | CY16: 684 | CZ16: 5637 | DA16: 277 | DB16: 12011 | DC16: 310480 | DD16: 97 | DE16: 17 | DF16: 212 | DG16: 117 | DH16: 128 | DI16: 883 | DJ16: 1454 | DK16: 89 | DL16: 1934 | DM16: 0 | DN16: 313957
B17: 128 | C17: Fédération Française de Voile | D17: 1370 | E17: 623 | F17: 395 | G17: 704 | H17: 902 | I17: 10966 | J17: 528 | K17: 368 | L17: 261 | M17: 539 | N17: 1760 | O17: 318 | P17: 16544 | Q17: 5703 | R17: 197 | S17: 484 | T17: 10206 | U17: 403 | V17: 185 | W17: 1418 | X17: 11154 | Y17: 126 | Z17: 263 | AA17: 1001 | AB17: 1134 | AC17: 1636 | AD17: 809 | AE17: 11704 | AF17: 1940 | AG17: 927 | AH17: 1290 | AI17: 4339 | AJ17: 248 | AK17: 10031 | AL17: 6909 | AM17: 10870 | AN17: 145 | AO17: 1643 | AP17: 4132 | AQ17: 264 | AR17: 1202 | AS17: 959 | AT17: 872 | AU17: 223 | AV17: 13815 | AW17: 1952 | AX17: 149 | AY17: 229 | AZ17: 127 | BA17: 2275 | BB17: 6053 | BC17: 928 | BD17: 191 | BE17: 494 | BF17: 885 | BG17: 125 | BH17: 12214 | BI17: 1026 | BJ17: 298 | BK17: 6074 | BL17: 1242 | BM17: 321 | BN17: 3182 | BO17: 1117 | BP17: 2380 | BQ17: 230 | BR17: 1391 | BS17: 1795 | BT17: 1233 | BU17: 7528 | BV17: 325 | BW17: 808 | BX17: 1269 | BY17: 2750 | BZ17: 7115 | CA17: 17681 | CB17: 5398 | CC17: 1981 | CD17: 8292 | CE17: 586 | CF17: 1215 | CG17: 555 | CH17: 300 | CI17: 13708 | CJ17: 870 | CK17: 5132 | CL17: 667 | CM17: 463 | CN17: 429 | CO17: 469 | CP17: 151 | CQ17: 3144 | CR17: 11892 | CS17: 2062 | CT17: 4048 | CU17: 1927 | CV17: 288186 | CW17: 2039 | CX17: 1692 | CY17: 676 | CZ17: 1225 | DA17: 215 | DB17: 5847 | DC17: 294033 | DD17: 347 | DE17: 262 | DF17: 99 | DG17: 30 | DH17: 85 | DI17: 1613 | DJ17: 2436 | DK17: 278 | DL17: 5295 | DM17: 0 | DN17: 302042
... B43: 120 | C43: Fédération Française de Pentathlon Moderne | D43: 1 | E43: 121 | F43: 0 | G43: 28 | H43: 2 | I43: 13 | J43: 2 | K43: 0 | L43: 22 | M43: 1 | N43: 5 | O43: 35 | P43: 221 | Q43: 0 | R43: 1 | S43: 1 | T43: 16 | U43: 0 | V43: 2 | W43: 2 | X43: 13 | Y43: 0 | Z43: 9 | AA43: 2 | AB43: 21 | AC43: 0 | AD43: 3 | AE43: 2 | AF43: 0 | AG43: 0 | AH43: 9 | AI43: 13 | AJ43: 22 | AK43: 71 | AL43: 2 | AM43: 84 | AN43: 0 | AO43: 0 | AP43: 40 | AQ43: 0 | AR43: 4 | AS43: 0 | AT43: 3 | AU43: 0 | AV43: 4 | AW43: 0 | AX43: 0 | AY43: 0 | AZ43: 0 | BA43: 0 | BB43: 19 | BC43: 1 | BD43: 0 | BE43: 1 | BF43: 0 | BG43: 0 | BH43: 3 | BI43: 0 | BJ43: 2 | BK43: 4 | BL43: 127 | BM43: 1 | BN43: 0 | BO43: 0 | BP43: 38 | BQ43: 0 | BR43: 807 | BS43: 31 | BT43: 0 | BU43: 23 | BV43: 0 | BW43: 0 | BX43: 0 | BY43: 52 | BZ43: 6 | CA43: 255 | CB43: 0 | CC43: 136 | CD43: 89 | CE43: 0 | CF43: 1 | CG43: 1 | CH43: 0 | CI43: 12 | CJ43: 10 | CK43: 0 | CL43: 0 | CM43: 8 | CN43: 0 | CO43: 0 | CP43: 0 | CQ43: 44 | CR43: 71 | CS43: 35 | CT43: 161 | CU43: 10 | CV43: 2723 | CW43: 0 | CX43: 0 | CY43: 0 | CZ43: 6 | DA43: 0 | DB43: 6 | DC43: 2729 | DD43: 0 | DE43: 0 | DF43: 0 | DG43: 0 | DH43: 0 | DI43: 0 | DJ43: 0 | DK43: 0 | DL43: 0 | DM43: 0 | DN43: 2729
A44: 2. Délégataire non-olympique(54) | D44: 25734 | E44: 10741 | F44: 11880 | G44: 7988 | H44: 10146 | I44: 40051 | J44: 17092 | K44: 5971 | L44: 7834 | M44: 7299 | N44: 16701 | O44: 18937 | P44: 67588 | Q44: 16196 | R44: 5294 | S44: 10660 | T44: 21166 | U44: 7855 | V44: 7665 | W44: 17511 | X44: 19338 | Y44: 3411 | Z44: 11183 | AA44: 16033 | AB44: 24415 | AC44: 16660 | AD44: 10702 | AE44: 25268 | AF44: 4774 | AG44: 6204 | AH44: 28272 | AI44: 51682 | AJ44: 9589 | AK44: 48736 | AL44: 43961 | AM44: 31975 | AN44: 5903 | AO44: 18977 | AP44: 53990 | AQ44: 7911 | AR44: 21100 | AS44: 9831 | AT44: 24957 | AU44: 9458 | AV44: 35314 | AW44: 22962 | AX44: 9039 | AY44: 14184 | AZ44: 3553 | BA44: 18190 | BB44: 12517 | BC44: 11596 | BD44: 3455 | BE44: 8340 | BF44: 19135 | BG44: 4201 | BH44: 21645 | BI44: 24943 | BJ44: 6765 | BK44: 45294 | BL44: 20846 | BM44: 6888 | BN44: 25865 | BO44: 20475 | BP44: 30611 | BQ44: 10041 | BR44: 21922 | BS44: 24931 | BT44: 19048 | BU44: 51983 | BV44: 6607 | BW44: 15896 | BX44: 16044 | BY44: 22368 | BZ44: 40398 | CA44: 34247 | CB44: 26102 | CC44: 39159 | CD44: 40114 | CE44: 10799 | CF44: 12839 | CG44: 17370 | CH44: 10698 | CI44: nd | CJ44: 23719 | CK44: 19879 | CL44: 13515 | CM44: 9674 | CN44: 8643 | CO44: 8797 | CP44: 3491 | CQ44: 35847 | CR44: 33784 | CS44: 22375 | CT44: 27206 | CU44: 29840 | CV44: 1906871 | CW44: 8825 | CX44: 7793 | CY44: 2329 | CZ44: 19419 | DA44: 2309 | DB44: 40675 | DC44: 1947546 | DD44: 237 | DE44: 307 | DF44: 488 | DG44: 189 | DH44: 3577 | DI44: 4272 | DJ44: 9070 | DK44: 682 | DL44: 12578 | DM44: 542 | DN44: 1970418
B45: 242 | C45: Fédération Française de Pétanque et Jeu Provençal | D45: 3432 | E45: 2821 | F45: 4561 | G45: 2061 | H45: 1524 | I45: 7452 | J45: 4756 | K45: 1907 | L45: 2356 | M45: 710 | N45: 4287 | O45: 4016 | P45: 11533 | Q45: 1864 | R45: 2066 | S45: 2446 | T45: 3593 | U45: 2125 | V45: 1731 | W45: 2331 | X45: 1918 | Y45: 1144 | Z45: 2246 | AA45: 1997 | AB45: 4968 | AC45: 1650 | AD45: 1031 | AE45: 4543 | AF45: 1058 | AG45: 1462 | AH45: 7085 | AI45: 10946 | AJ45: 2785 | AK45: 6793 | AL45: 9650 | AM45: 3295 | AN45: 1240 | AO45: 2175 | AP45: 5225 | AQ45: 1655 | AR45: 3951 | AS45: 1676 | AT45: 3494 | AU45: 3072 | AV45: 3029 | AW45: 2747 | AX45: 2614 | AY45: 3216 | AZ45: 1018 | BA45: 3478 | BB45: 2378 | BC45: 1302 | BD45: 540 | BE45: 2254 | BF45: 2670 | BG45: 580 | BH45: 2118 | BI45: 5230 | BJ45: 1814 | BK45: 5619 | BL45: 3082 | BM45: 1075 | BN45: 2344 | BO45: 6093 | BP45: 2140 | BQ45: 1856 | BR45: 4501 | BS45: 2378 | BT45: 1367 | BU45: 4883 | BV45: 1421 | BW45: 4194 | BX45: 2233 | BY45: 1379 | BZ45: 2010 | CA45: 1737 | CB45: 2980 | CC45: 4887 | CD45: 2545 | CE45: 2314 | CF45: 1582 | CG45: 4447 | CH45: 3625 | CI45: 6164 | CJ45: 5636 | CK45: 3790 | CL45: 1967 | CM45: 2757 | CN45: 1622 | CO45: 1963 | CP45: 392 | CQ45: 3173 | CR45: 2013 | CS45: 1995 | CT45: 2365 | CU45: 2719 | CV45: 294867 | CW45: 785 | CX45: 1404 | CY45: 260 | CZ45: 2493 | DA45: 327 | DB45: 5269 | DC45: 300136 | DD45: 0 | DE45: 104 | DF45: 88 | DG45: 132 | DH45: 1892 | DI45: 489 | DJ45: 2705 | DK45: 79 | DL45: 0 | DM45: 0 | DN45: 302920
B46: 229 | C46: Fédération Française de Karaté et Disciplines Associées | D46: 1835 | E46: 1595 | F46: 818 | G46: 656 | H46: 443 | I46: 7122 | J46: 1040 | K46: 1144 | L46: 471 | M46: 1027 | N46: 1064 | O46: 777 | P46: 8713 | Q46: 2498 | R46: 114 | S46: 691 | T46: 1854 | U46: 855 | V46: 1120 | W46: 2061 | X46: 1256 | Y46: 207 | Z46: 1186 | AA46: 2523 | AB46: 1094 | AC46: 3587 | AD46: 1556 | AE46: 2304 | AF46: 519 | AG46: 743 | AH46: 2991 | AI46: 5587 | AJ46: 476 | AK46: 5554 | AL46: 3834 | AM46: 2856 | AN46: 746 | AO46: 2645 | AP46: 5038 | AQ46: 511 | AR46: 1225 | AS46: 657 | AT46: 3251 | AU46: 674 | AV46: 4807 | AW46: 3047 | AX46: 866 | AY46: 1014 | AZ46: 202 | BA46: 2215 | BB46: 1459 | BC46: 1534 | BD46: 278 | BE46: 659 | BF46: 2575 | BG46: 742 | BH46: 2639 | BI46: 3838 | BJ46: 566 | BK46: 9078 | BL46: 4316 | BM46: 871 | BN46: 3645 | BO46: 2155 | BP46: 1942 | BQ46: 992 | BR46: 1833 | BS46: 4138 | BT46: 3578 | BU46: 6323 | BV46: 597 | BW46: 1274 | BX46: 1524 | BY46: 2221 | BZ46: 2570 | CA46: 6084 | CB46: 4361 | CC46: 8315 | CD46: 9597 | CE46: 861 | CF46: 1066 | CG46: 1197 | CH46: 869 | CI46: 6430 | CJ46: 1887 | CK46: 1954 | CL46: 1336 | CM46: 713 | CN46: 717 | CO46: 1099 | CP46: 271 | CQ46: 7803 | CR46: 6769 | CS46: 5878 | CT46: 5946 | CU46: 7896 | CV46: 241465 | CW46: 1229 | CX46: 1301 | CY46: 401 | CZ46: 3473 | DA46: 206 | DB46: 6610 | DC46: 248075 | DD46: 65 | DE46: 13 | DF46: 215 | DG46: 0 | DH46: 230 | DI46: 916 | DJ46: 1439 | DK46: 138 | DL46: 67 | DM46: 0 | DN46: 249719
B47: 245 | C47: Fédération Française de la Randonnée Pédestre | D47: 2207 | E47: 782 | F47: 968 | G47: 1023 | H47: 594 | I47: 5328 | J47: 1987 | K47: 222 | L47: 877 | M47: 792 | N47: 1634 | O47: 3359 | P47: 8529 | Q47: 1397 | R47: 384 | S47: 1384 | T47: 3689 | U47: 791 | V47: 790 | W47: 3824 | X47: 4986 | Y47: 564 | Z47: 1812 | AA47: 2021 | AB47: 3863 | AC47: 2099 | AD47: 2118 | AE47: 2438 | AF47: 221 | AG47: 194 | AH47: 3023 | AI47: 3259 | AJ47: 1396 | AK47: 5750 | AL47: 4522 | AM47: 5401 | AN47: 893 | AO47: 4155 | AP47: 3560 | AQ47: 970 | AR47: 1884 | AS47: 2129 | AT47: 4393 | AU47: 954 | AV47: 5755 | AW47: 4459 | AX47: 1179 | AY47: 2536 | AZ47: 616 | BA47: 3143 | BB47: 1198 | BC47: 1477 | BD47: 455 | BE47: 1341 | BF47: 2828 | BG47: 632 | BH47: 3924 | BI47: 2023 | BJ47: 1499 | BK47: 4554 | BL47: 1970 | BM47: 697 | BN47: 3523 | BO47: 1220 | BP47: 2886 | BQ47: 540 | BR47: 4272 | BS47: 672 | BT47: 125 | BU47: 3717 | BV47: 785 | BW47: 1221 | BX47: 2141 | BY47: 1287 | BZ47: 3917 | CA47: 1718 | CB47: 3983 | CC47: 5939 | CD47: 4509 | CE47: 2652 | CF47: 2028 | CG47: 2580 | CH47: 863 | CI47: 8147 | CJ47: 3142 | CK47: 3118 | CL47: 2880 | CM47: 837 | CN47: 541 | CO47: 1124 | CP47: 186 | CQ47: 5960 | CR47: 2721 | CS47: 2414 | CT47: 2324 | CU47: 3382 | CV47: 230806 | CW47: 584 | CX47: 1073 | CY47: 26 | CZ47: 1527 | DA47: 47 | DB47: 3257 | DC47: 234063 | DD47: 0 | DE47: 0 | DF47: 98 | DG47: 0 | DH47: 308 | DI47: 0 | DJ47: 406 | DK47: 20 | DL47: 266 | DM47: 0 | DN47: 234755
B48: 221 | C48: Fédération Française d'Études et Sports Sous-Marins | D48: 1351 | E48: 679 | F48: 514 | G48: 286 | H48: 347 | I48: 2614 | J48: 578 | K48: 233 | L48: 283 | M48: 492 | N48: 659 | O48: 363 | P48: 5324 | Q48: 1325 | R48: 134 | S48: 482 | T48: 1680 | U48: 400 | V48: 353 | W48: 848 | X48: 1377 | Y48: 87 | Z48: 472 | AA48: 789 | AB48: 1224 | AC48: 951 | AD48: 724 | AE48: 2560 | AF48: 590 | AG48: 471 | AH48: 1379 | AI48: 3817 | AJ48: 256 | AK48: 3995 | AL48: 2498 | AM48: 2698 | AN48: 310 | AO48: 1401 | AP48: 3300 | AQ48: 333 | AR48: 847 | AS48: 468 | AT48: 1120 | AU48: 278 | AV48: 2928 | AW48: 1394 | AX48: 317 | AY48: 580 | AZ48: 27 | BA48: 1089 | BB48: 991 | BC48: 893 | BD48: 263 | BE48: 450 | BF48: 1322 | BG48: 319 | BH48: 2114 | BI48: 1828 | BJ48: 169 | BK48: 3315 | BL48: 1266 | BM48: 350 | BN48: 1411 | BO48: 1312 | BP48: 961 | BQ48: 258 | BR48: 1177 | BS48: 2103 | BT48: 1433 | BU48: 4391 | BV48: 297 | BW48: 874 | BX48: 813 | BY48: 786 | BZ48: 1786 | CA48: 4286 | CB48: 2097 | CC48: 2969 | CD48: 4054 | CE48: 578 | CF48: 867 | CG48: 868 | CH48: 312 | CI48: 3352 | CJ48: 1096 | CK48: 1083 | CL48: 805 | CM48: 602 | CN48: 575 | CO48: 527 | CP48: 333 | CQ48: 3277 | CR48: 4639 | CS48: 1759 | CT48: 2791 | CU48: 2879 | CV48: 127856 | CW48: 891 | CX48: 911 | CY48: 203 | CZ48: 1719 | DA48: 133 | DB48: 3857 | DC48: 131713 | DD48: 65 | DE48: 158 | DF48: 28 | DG48: 14 | DH48: 716 | DI48: 664 | DJ48: 1645 | DK48: 19 | DL48: 1368 | DM48: 0 | DN48: 134745
B49: 271 | C49: Fédération Française des Clubs Alpins et de Montagne | D49: 2280 | E49: 128 | F49: 207 | G49: 720 | H49: 3547 | I49: 2817 | J49: 918 | K49: 149 | L49: 805 | M49: 391 | N49: 574 | O49: 554 | P49: 3128 | Q49: 309 | R49: 447 | S49: 282 | T49: 358 | U49: 209 | V49: 391 | W49: 695 | X49: 30 | Y49: 231 | Z49: 308 | AA49: 1672 | AB49: 2211 | AC49: 190 | AD49: 29 | AE49: 314 | AF49: 83 | AG49: 219 | AH49: 1229 | AI49: 3821 | AJ49: 523 | AK49: 1566 | AL49: 1522 | AM49: 588 | AN49: 63 | AO49: 415 | AP49: 10455 | AQ49: 715 | AR49: 248 | AS49: 237 | AT49: 1251 | AU49: 776 | AV49: 1533 | AW49: 796 | AX49: 308 | AY49: 322 | AZ49: 403 | BA49: 1004 | BB49: 217 | BC49: 557 | BD49: 57 | BE49: 36 | BF49: 599 | BG49: 65 | BH49: 356 | BI49: 417 | BJ49: 29 | BK49: 661 | BL49: 483 | BM49: 280 | BN49: 574 | BO49: 1126 | BP49: 2691 | BQ49: 1515 | BR49: 917 | BS49: 1541 | BT49: 1434 | BU49: 4101 | BV49: 446 | BW49: 1158 | BX49: 1211 | BY49: 6533 | BZ49: 14266 | CA49: 2033 | CB49: 959 | CC49: 478 | CD49: 621 | CE49: 248 | CF49: 26 | CG49: 480 | CH49: 107 | CI49: 1635 | CJ49: 815 | CK49: 322 | CL49: 119 | CM49: 267 | CN49: 658 | CO49: 390 | CP49: 420 | CQ49: 294 | CR49: 779 | CS49: 474 | CT49: 360 | CU49: 104 | CV49: 104830 | CW49: 0 | CX49: 0 | CY49: 2 | CZ49: 92 | DA49: 1 | DB49: 95 | DC49: 104925 | DD49: 0 | DE49: 0 | DF49: 0 | DG49: 0 | DH49: 3 | DI49: 5 | DJ49: 8 | DK49: 29 | DL49: 3304 | DM49: 0 | DN49: 108266
B50: 218 | C50: Fédération Française de Cyclotourisme | D50: 1231 | E50: 377 | F50: 900 | G50: 296 | H50: 202 | I50: 329 | J50: 1091 | K50: 112 | L50: 423 | M50: 659 | N50: 1111 | O50: 607 | P50: 2281 | Q50: 918 | R50: 372 | S50: 755 | T50: 1239 | U50: 573 | V50: 900 | W50: 1380 | X50: 2393 | Y50: 136 | Z50: 477 | AA50: 304 | AB50: 1602 | AC50: 1293 | AD50: 634 | AE50: 2399 | AF50: 25 | AG50: 3 | AH50: 961 | AI50: 1823 | AJ50: 722 | AK50: 1747 | AL50: 1442 | AM50: 3274 | AN50: 344 | AO50: 1234 | AP50: 3268 | AQ50: 453 | AR50: 1096 | AS50: 1259 | AT50: 1639 | AU50: 513 | AV50: 3469 | AW50: 984 | AX50: 650 | AY50: 298 | AZ50: 220 | BA50: 2047 | BB50: 836 | BC50: 571 | BD50: 245 | BE50: 1073 | BF50: 1095 | BG50: 159 | BH50: 1861 | BI50: 1664 | BJ50: 610 | BK50: 2471 | BL50: 790 | BM50: 1040 | BN50: 1935 | BO50: 982 | BP50: 1666 | BQ50: 602 | BR50: 1017 | BS50: 1455 | BT50: 853 | BU50: 2675 | BV50: 399 | BW50: 566 | BX50: 1616 | BY50: 1520 | BZ50: 1720 | CA50: 547 | CB50: 1329 | CC50: 1549 | CD50: 3247 | CE50: 876 | CF50: 403 | CG50: 932 | CH50: 765 | CI50: 2543 | CJ50: 1728 | CK50: 1722 | CL50: 1437 | CM50: 212 | CN50: 558 | CO50: 328 | CP50: 160 | CQ50: 1785 | CR50: 1318 | CS50: 418 | CT50: 1118 | CU50: 1300 | CV50: 106161 | CW50: 91 | CX50: 0 | CY50: 1 | CZ50: 133 | DA50: 0 | DB50: 225 | DC50: 106386 | DD50: 0 | DE50: 0 | DF50: 0 | DG50: 0 | DH50: 1 | DI50: 49 | DJ50: 50 | DK50: 3 | DL50: 294 | DM50: 0 | DN50: 106733
B51: 220 | C51: Fédération Française des Échecs | D51: 634 | E51: 283 | F51: 240 | G51: 187 | H51: 190 | I51: 1724 | J51: 123 | K51: 293 | L51: 162 | M51: 153 | N51: 457 | O51: 88 | P51: 3301 | Q51: 732 | R51: 60 | S51: 367 | T51: 658 | U51: 88 | V51: 156 | W51: 461 | X51: 979 | Y51: 5 | Z51: 85 | AA51: 535 | AB51: 322 | AC51: 280 | AD51: 544 | AE51: 1025 | AF51: 172 | AG51: 511 | AH51: 600 | AI51: 1261 | AJ51: 344 | AK51: 2138 | AL51: 1279 | AM51: 1238 | AN51: 62 | AO51: 846 | AP51: 1073 | AQ51: 318 | AR51: 342 | AS51: 139 | AT51: 522 | AU51: 47 | AV51: 1865 | AW51: 1666 | AX51: 348 | AY51: 1212 | AZ51: 89 | BA51: 564 | BB51: 695 | BC51: 975 | BD51: 79 | BE51: 442 | BF51: 1353 | BG51: 84 | BH51: 1036 | BI51: 1116 | BJ51: 71 | BK51: 2273 | BL51: 422 | BM51: 230 | BN51: 634 | BO51: 476 | BP51: 587 | BQ51: 771 | BR51: 561 | BS51: 2097 | BT51: 1136 | BU51: 2590 | BV51: 37 | BW51: 317 | BX51: 716 | BY51: 538 | BZ51: 1280 | CA51: 3275 | CB51: 947 | CC51: 1098 | CD51: 1841 | CE51: 235 | CF51: 235 | CG51: 333 | CH51: 245 | CI51: 1850 | CJ51: 752 | CK51: 581 | CL51: 209 | CM51: 244 | CN51: 231 | CO51: 232 | CP51: 275 | CQ51: 1075 | CR51: 3342 | CS51: 1367 | CT51: 1971 | CU51: 1555 | CV51: 73177 | CW51: 435 | CX51: 567 | CY51: 192 | CZ51: 1507 | DA51: 0 | DB51: 2701 | DC51: 75878 | DD51: 29 | DE51: 6 | DF51: 1 | DG51: 0 | DH51: 3 | DI51: 164 | DJ51: 203 | DK51: 65 | DL51: 0 | DM51: 0 | DN51: 76146
B52: 249 | C52: Fédération Française de Sauvetage et de Secourisme | D52: 390 | E52: 204 | F52: 176 | G52: 63 | H52: 78 | I52: 1383 | J52: 123 | K52: 54 | L52: 115 | M52: 112 | N52: 744 | O52: 477 | P52: 1590 | Q52: 413 | R52: 13 | S52: 694 | T52: 762 | U52: 61 | V52: 15 | W52: 185 | X52: 1144 | Y52: 20 | Z52: 480 | AA52: 305 | AB52: 453 | AC52: 781 | AD52: 215 | AE52: 1852 | AF52: 7 | AG52: 36 | AH52: 662 | AI52: 2700 | AJ52: 143 | AK52: 2378 | AL52: 3817 | AM52: 4465 | AN52: 298 | AO52: 759 | AP52: 1988 | AQ52: 46 | AR52: 2114 | AS52: 324 | AT52: 250 | AU52: 22 | AV52: 727 | AW52: 1132 | AX52: 56 | AY52: 146 | AZ52: 17 | BA52: 404 | BB52: 589 | BC52: 74 | BD52: 43 | BE52: 318 | BF52: 278 | BG52: 29 | BH52: 1262 | BI52: 252 | BJ52: 73 | BK52: 1242 | BL52: 790 | BM52: 58 | BN52: 1205 | BO52: 39 | BP52: 2943 | BQ52: 694 | BR52: 1210 | BS52: 1062 | BT52: 734 | BU52: 1138 | BV52: 47 | BW52: 57 | BX52: 647 | BY52: 784 | BZ52: 652 | CA52: 1865 | CB52: 543 | CC52: 958 | CD52: 1266 | CE52: 283 | CF52: 542 | CG52: 913 | CH52: 640 | CI52: 2310 | CJ52: 1377 | CK52: 895 | CL52: 1391 | CM52: 45 | CN52: 128 | CO52: 312 | CP52: 66 | CQ52: 508 | CR52: 1406 | CS52: 1364 | CT52: 1275 | CU52: 922 | CV52: 70622 | CW52: 1867 | CX52: 211 | CY52: 276 | CZ52: 345 | DA52: 1057 | DB52: 3756 | DC52: 74378 | DD52: 8 | DE52: 3 | DF52: 0 | DG52: 0 | DH52: 1 | DI52: 231 | DJ52: 243 | DK52: 0 | DL52: 3 | DM52: 0 | DN52: 74624
B53: 261 | C53: Fédération Française de Kick Boxing, Muay Thaï et Disciplines Associées | D53: 957 | E53: 212 | F53: 252 | G53: 278 | H53: 11 | I53: 1190 | J53: 323 | K53: 56 | L53: 123 | M53: 475 | N53: 445 | O53: 173 | P53: 4637 | Q53: 666 | R53: 260 | S53: 241 | T53: 523 | U53: 93 | V53: 298 | W53: 353 | X53: 246 | Y53: 121 | Z53: 261 | AA53: 889 | AB53: 580 | AC53: 620 | AD53: 233 | AE53: 1522 | AF53: 308 | AG53: 884 | AH53: 1258 | AI53: 1786 | AJ53: 177 | AK53: 2146 | AL53: 1028 | AM53: 660 | AN53: 102 | AO53: 673 | AP53: 2206 | AQ53: 111 | AR53: 304 | AS53: 34 | AT53: 883 | AU53: 300 | AV53: 731 | AW53: 727 | AX53: 212 | AY53: 300 | AZ53: 6 | BA53: 91 | BB53: 322 | BC53: 441 | BD53: 120 | BE53: 117 | BF53: 852 | BG53: 18 | BH53: 552 | BI53: 1543 | BJ53: 68 | BK53: 1778 | BL53: 569 | BM53: 196 | BN53: 1019 | BO53: 548 | BP53: 572 | BQ53: 315 | BR53: 323 | BS53: 1101 | BT53: 319 | BU53: 1941 | BV53: 227 | BW53: 359 | BX53: 383 | BY53: 239 | BZ53: 754 | CA53: 917 | CB53: 1846 | CC53: 1069 | CD53: 1368 | CE53: 56 | CF53: 213 | CG53: 323 | CH53: 634 | CI53: 1779 | CJ53: 985 | CK53: 437 | CL53: 11 | CM53: 317 | CN53: 181 | CO53: 317 | CP53: 157 | CQ53: 1158 | CR53: 1342 | CS53: 1597 | CT53: 681 | CU53: 1564 | CV53: 62593 | CW53: 64 | CX53: 368 | CY53: 267 | CZ53: 2412 | DA53: 451 | DB53: 3562 | DC53: 66155 | DD53: 0 | DE53: 0 | DF53: 0 | DG53: 0 | DH53: 0 | DI53: 15 | DJ53: 15 | DK53: 112 | DL53: 0 | DM53: 0 | DN53: 66282
B54: 233 | C54: Fédération Française de Motocyclisme | D54: 1236 | E54: 973 | F54: 586 | G54: 419 | H54: 278 | I54: 1116 | J54: 773 | K54: 561 | L54: 206 | M54: 626 | N54: 398 | O54: 531 | P54: 1821 | Q54: 847 | R54: 356 | S54: 455 | T54: 802 | U54: 425 | V54: 352 | W54: 638 | X54: 756 | Y54: 263 | Z54: 608 | AA54: 1021 | AB54: 644 | AC54: 1050 | AD54: 656 | AE54: 757 | AF54: 372 | AG54: 227 | AH54: 1078 | AI54: 1207 | AJ54: 350 | AK54: 1423 | AL54: 1035 | AM54: 983 | AN54: 140 | AO54: 470 | AP54: 972 | AQ54: 536 | AR54: 553 | AS54: 366 | AT54: 706 | AU54: 637 | AV54: 864 | AW54: 749 | AX54: 319 | AY54: 650 | AZ54: 223 | BA54: 584 | BB54: 841 | BC54: 736 | BD54: 308 | BE54: 282 | BF54: 699 | BG54: 339 | BH54: 649 | BI54: 922 | BJ54: 392 | BK54: 1637 | BL54: 1261 | BM54: 536 | BN54: 1550 | BO54: 887 | BP54: 696 | BQ54: 167 | BR54: 344 | BS54: 885 | BT54: 832 | BU54: 896 | BV54: 604 | BW54: 676 | BX54: 892 | BY54: 392 | BZ54: 795 | CA54: 144 | CB54: 1030 | CC54: 996 | CD54: 632 | CE54: 322 | CF54: 940 | CG54: 595 | CH54: 399 | CI54: 1370 | CJ54: 1138 | CK54: 1219 | CL54: 417 | CM54: 376 | CN54: 550 | CO54: 440 | CP54: 200 | CQ54: 696 | CR54: 192 | CS54: 154 | CT54: 182 | CU54: 398 | CV54: 64206 | CW54: 850 | CX54: 218 | CY54: 25 | CZ54: 521 | DA54: 0 | DB54: 1614 | DC54: 65820 | DD54: 0 | DE54: 0 | DF54: 18 | DG54: 0 | DH54: 1 | DI54: 166 | DJ54: 185 | DK54: 27 | DL54: 147 | DM54: 0 | DN54: 66179
B55: 212 | C55: Fédération Française de Savate, Boxe Française et Disciplines Associées | D55: 692 | E55: 207 | F55: 142 | G55: 135 | H55: 29 | I55: 672 | J55: 366 | K55: 124 | L55: 289 | M55: 41 | N55: 521 | O55: 168 | P55: 2054 | Q55: 328 | R55: 254 | S55: 535 | T55: 132 | U55: 175 | V55: 65 | W55: 703 | X55: 365 | Y55: 101 | Z55: 427 | AA55: 190 | AB55: 1332 | AC55: 243 | AD55: 87 | AE55: 597 | AF55: 1 | AG55: 1 | AH55: 1178 | AI55: 1620 | AJ55: 108 | AK55: 1870 | AL55: 1250 | AM55: 797 | AN55: 132 | AO55: 363 | AP55: 1533 | AQ55: 91 | AR55: 443 | AS55: 9 | AT55: 141 | AU55: 177 | AV55: 539 | AW55: 237 | AX55: 89 | AY55: 605 | AZ55: 61 | BA55: 356 | BB55: 77 | BC55: 131 | BD55: 2 | BE55: 8 | BF55: 923 | BG55: 180 | BH55: 1156 | BI55: 486 | BJ55: 27 | BK55: 1945 | BL55: 627 | BM55: 13 | BN55: 654 | BO55: 971 | BP55: 299 | BQ55: 175 | BR55: 754 | BS55: 1019 | BT55: 594 | BU55: 1887 | BV55: 208 | BW55: 293 | BX55: 246 | BY55: 692 | BZ55: 875 | CA55: 2676 | CB55: 451 | CC55: 2232 | CD55: 1556 | CE55: 294 | CF55: 742 | CG55: 323 | CH55: 253 | CI55: 933 | CJ55: 303 | CK55: 398 | CL55: 63 | CM55: 110 | CN55: 52 | CO55: 135 | CP55: 109 | CQ55: 2175 | CR55: 1812 | CS55: 771 | CT55: 1823 | CU55: 2138 | CV55: 56166 | CW55: 196 | CX55: 137 | CY55: 63 | CZ55: 832 | DA55: 10 | DB55: 1238 | DC55: 57404 | DD55: 0 | DE55: 0 | DF55: 0 | DG55: 0 | DH55: 0 | DI55: 132 | DJ55: 132 | DK55: 1 | DL55: 16 | DM55: 0 | DN55: 57553
B56: 206 | C56: Fédération Française du Sport Automobile | D56: 793 | E56: 283 | F56: 300 | G56: 319 | H56: 324 | I56: 1534 | J56: 635 | K56: 132 | L56: 84 | M56: 104 | N56: 221 | O56: 816 | P56: 1242 | Q56: 956 | R56: 168 | S56: 243 | T56: 741 | U56: 222 | V56: 105 | W56: 515 | X56: 277 | Y56: 59 | Z56: 299 | AA56: 777 | AB56: 623 | AC56: 732 | AD56: 277 | AE56: 268 | AF56: 551 | AG56: 501 | AH56: 1077 | AI56: 786 | AJ56: 274 | AK56: 727 | AL56: 979 | AM56: 582 | AN56: 203 | AO56: 490 | AP56: 1028 | AQ56: 285 | AR56: 201 | AS56: 359 | AT56: 1205 | AU56: 420 | AV56: 855 | AW56: 385 | AX56: 232 | AY56: 210 | AZ56: 183 | BA56: 423 | BB56: 602 | BC56: 216 | BD56: 119 | BE56: 400 | BF56: 433 | BG56: 84 | BH56: 384 | BI56: 329 | BJ56: 314 | BK56: 942 | BL56: 282 | BM56: 255 | BN56: 1102 | BO56: 689 | BP56: 843 | BQ56: 128 | BR56: 312 | BS56: 394 | BT56: 570 | BU56: 999 | BV56: 506 | BW56: 762 | BX56: 1061 | BY56: 486 | BZ56: 1132 | CA56: 588 | CB56: 946 | CC56: 486 | CD56: 584 | CE56: 237 | CF56: 296 | CG56: 648 | CH56: 188 | CI56: 1426 | CJ56: 667 | CK56: 516 | CL56: 248 | CM56: 372 | CN56: 588 | CO56: 367 | CP56: 125 | CQ56: 592 | CR56: 426 | CS56: 99 | CT56: 193 | CU56: 194 | CV56: 48135 | CW56: 414 | CX56: 179 | CY56: 89 | CZ56: 1059 | DA56: 0 | DB56: 1741 | DC56: 49876 | DD56: 0 | DE56: 2 | DF56: 1 | DG56: 0 | DH56: 58 | DI56: 304 | DJ56: 365 | DK56: 51 | DL56: 22 | DM56: 0 | DN56: 50314
... B94: 227 | C94: Fédération Française de Jeu de Paume | D94: 0 | E94: 0 | F94: 0 | G94: 0 | H94: 0 | I94: 0 | J94: 0 | K94: 0 | L94: 0 | M94: 0 | N94: 0 | O94: 0 | P94: 0 | Q94: 0 | R94: 0 | S94: 0 | T94: 0 | U94: 0 | V94: 0 | W94: 0 | X94: 0 | Y94: 0 | Z94: 0 | AA94: 0 | AB94: 0 | AC94: 0 | AD94: 0 | AE94: 0 | AF94: 0 | AG94: 0 | AH94: 0 | AI94: 0 | AJ94: 0 | AK94: 0 | AL94: 0 | AM94: 0 | AN94: 0 | AO94: 0 | AP94: 0 | AQ94: 0 | AR94: 0 | AS94: 0 | AT94: 0 | AU94: 0 | AV94: 0 | AW94: 0 | AX94: 0 | AY94: 0 | AZ94: 0 | BA94: 0 | BB94: 0 | BC94: 0 | BD94: 0 | BE94: 0 | BF94: 0 | BG94: 0 | BH94: 0 | BI94: 0 | BJ94: 0 | BK94: 285 | BL94: 45 | BM94: 0 | BN94: 0 | BO94: 0 | BP94: 0 | BQ94: 0 | BR94: 0 | BS94: 0 | BT94: 0 | BU94: 0 | BV94: 0 | BW94: 0 | BX94: 0 | BY94: 0 | BZ94: 0 | CA94: 0 | CB94: 0 | CC94: 0 | CD94: 0 | CE94: 0 | CF94: 271 | CG94: 0 | CH94: 0 | CI94: 0 | CJ94: 0 | CK94: 0 | CL94: 0 | CM94: 0 | CN94: 0 | CO94: 0 | CP94: 0 | CQ94: 0 | CR94: 0 | CS94: 0 | CT94: 0 | CU94: 0 | CV94: 601 | CW94: 0 | CX94: 0 | CY94: 0 | CZ94: 0 | DA94: 0 | DB94: 0 | DC94: 601 | DD94: 0 | DE94: 0 | DF94: 0 | DG94: 0 | DH94: 0 | DI94: 0 | DJ94: 0 | DK94: 0 | DL94: 0 | DM94: 0 | DN94: 601
B95: 208 | C95: Fédération Française de Ballon au Poing | D95: nr | E95: nr | F95: nr | G95: nr | H95: nr | I95: nr | J95: nr | K95: nr | L95: nr | M95: nr | N95: nr | O95: nr | P95: nr | Q95: nr | R95: nr | S95: nr | T95: nr | U95: nr | V95: nr | W95: nr | X95: nr | Y95: nr | Z95: nr | AA95: nr | AB95: nr | AC95: nr | AD95: nr | AE95: nr | AF95: nr | AG95: nr | AH95: nr | AI95: nr | AJ95: nr | AK95: nr | AL95: nr | AM95: nr | AN95: nr | AO95: nr | AP95: nr | AQ95: nr | AR95: nr | AS95: nr | AT95: nr | AU95: nr | AV95: nr | AW95: nr | AX95: nr | AY95: nr | AZ95: nr | BA95: nr | BB95: nr | BC95: nr | BD95: nr | BE95: nr | BF95: nr | BG95: nr | BH95: nr | BI95: nr | BJ95: nr | BK95: nr | BL95: nr | BM95: nr | BN95: nr | BO95: nr | BP95: nr | BQ95: nr | BR95: nr | BS95: nr | BT95: nr | BU95: nr | BV95: nr | BW95: nr | BX95: nr | BY95: nr | BZ95: nr | CA95: nr | CB95: nr | CC95: nr | CD95: nr | CE95: nr | CF95: nr | CG95: nr | CH95: nr | CI95: nr | CJ95: nr | CK95: nr | CL95: nr | CM95: nr | CN95: nr | CO95: nr | CP95: nr | CQ95: nr | CR95: nr | CS95: nr | CT95: nr | CU95: nr | CV95: nr | CW95: nr | CX95: nr | CY95: nr | CZ95: nr | DA95: nr | DB95: nr | DC95: nr | DD95: nr | DE95: nr | DF95: nr | DG95: nr | DH95: nr | DI95: nr | DJ95: nr | DK95: nr | DL95: nr | DM95: 542 | DN95: 542
B96: 234 | C96: Fédération Française Motonautique | D96: 17 | E96: 0 | F96: 2 | G96: 1 | H96: 0 | I96: 10 | J96: 2 | K96: 2 | L96: 0 | M96: 9 | N96: 8 | O96: 2 | P96: 31 | Q96: 5 | R96: 0 | S96: 1 | T96: 11 | U96: 1 | V96: 0 | W96: 4 | X96: 0 | Y96: 0 | Z96: 0 | AA96: 2 | AB96: 1 | AC96: 32 | AD96: 1 | AE96: 0 | AF96: 12 | AG96: 36 | AH96: 8 | AI96: 16 | AJ96: 1 | AK96: 20 | AL96: 4 | AM96: 3 | AN96: 0 | AO96: 1 | AP96: 4 | AQ96: 3 | AR96: 6 | AS96: 4 | AT96: 0 | AU96: 0 | AV96: 7 | AW96: 2 | AX96: 0 | AY96: 2 | AZ96: 0 | BA96: 16 | BB96: 4 | BC96: 0 | BD96: 1 | BE96: 2 | BF96: 1 | BG96: 1 | BH96: 4 | BI96: 1 | BJ96: 0 | BK96: 2 | BL96: 2 | BM96: 0 | BN96: 3 | BO96: 1 | BP96: 1 | BQ96: 0 | BR96: 5 | BS96: 1 | BT96: 0 | BU96: 8 | BV96: 0 | BW96: 6 | BX96: 0 | BY96: 4 | BZ96: 5 | CA96: 5 | CB96: 66 | CC96: 18 | CD96: 15 | CE96: 0 | CF96: 1 | CG96: 1 | CH96: 1 | CI96: 14 | CJ96: 1 | CK96: 0 | CL96: 0 | CM96: 0 | CN96: 4 | CO96: 4 | CP96: 0 | CQ96: 6 | CR96: 6 | CS96: 0 | CT96: 9 | CU96: 11 | CV96: 501 | CW96: 11 | CX96: 2 | CY96: 0 | CZ96: 0 | DA96: 0 | DB96: 13 | DC96: 514 | DD96: 0 | DE96: 0 | DF96: 0 | DG96: 0 | DH96: 0 | DI96: 1 | DJ96: 1 | DK96: 2 | DL96: 6 | DM96: 0 | DN96: 523
B97: 244 | C97: Fédération Française de Pulka et Traineau à Chiens | D97: 3 | E97: 2 | F97: 7 | G97: 0 | H97: 0 | I97: 11 | J97: 1 | K97: 0 | L97: 0 | M97: 9 | N97: 1 | O97: 0 | P97: 1 | Q97: 2 | R97: 0 | S97: 2 | T97: 1 | U97: 0 | V97: 2 | W97: 7 | X97: 0 | Y97: 0 | Z97: 0 | AA97: 2 | AB97: 2 | AC97: 25 | AD97: 3 | AE97: 4 | AF97: 0 | AG97: 0 | AH97: 1 | AI97: 0 | AJ97: 0 | AK97: 0 | AL97: 6 | AM97: 14 | AN97: 1 | AO97: 4 | AP97: 31 | AQ97: 7 | AR97: 1 | AS97: 7 | AT97: 4 | AU97: 0 | AV97: 11 | AW97: 9 | AX97: 3 | AY97: 0 | AZ97: 0 | BA97: 2 | BB97: 1 | BC97: 12 | BD97: 0 | BE97: 1 | BF97: 2 | BG97: 0 | BH97: 2 | BI97: 8 | BJ97: 1 | BK97: 6 | BL97: 7 | BM97: 5 | BN97: 4 | BO97: 19 | BP97: 0 | BQ97: 0 | BR97: 0 | BS97: 2 | BT97: 18 | BU97: 0 | BV97: 3 | BW97: 1 | BX97: 0 | BY97: 7 | BZ97: 12 | CA97: 1 | CB97: 53 | CC97: 7 | CD97: 17 | CE97: 2 | CF97: 4 | CG97: 2 | CH97: 1 | CI97: 0 | CJ97: 0 | CK97: 2 | CL97: 3 | CM97: 3 | CN97: 12 | CO97: 11 | CP97: 0 | CQ97: 9 | CR97: 1 | CS97: 0 | CT97: 1 | CU97: 5 | CV97: 431 | CW97: 0 | CX97: 0 | CY97: 0 | CZ97: 0 | DA97: 0 | DB97: 0 | DC97: 431 | DD97: 0 | DE97: 0 | DF97: 0 | DG97: 0 | DH97: 0 | DI97: 0 | DJ97: 0 | DK97: 0 | DL97: 0 | DM97: 0 | DN97: 431
B98: 224 | C98: Fédération Française d’hélicoptère | D98: 5 | E98: 0 | F98: 1 | G98: 0 | H98: 1 | I98: 3 | J98: 1 | K98: 0 | L98: 1 | M98: 0 | N98: 1 | O98: 3 | P98: 2 | Q98: 0 | R98: 0 | S98: 0 | T98: 2 | U98: 0 | V98: 4 | W98: 2 | X98: 2 | Y98: 0 | Z98: 6 | AA98: 1 | AB98: 2 | AC98: 0 | AD98: 0 | AE98: 12 | AF98: 0 | AG98: 1 | AH98: 2 | AI98: 21 | AJ98: 3 | AK98: 1 | AL98: 3 | AM98: 2 | AN98: 0 | AO98: 2 | AP98: 10 | AQ98: 1 | AR98: 3 | AS98: 0 | AT98: 1 | AU98: 1 | AV98: 0 | AW98: 1 | AX98: 2 | AY98: 0 | AZ98: 0 | BA98: 1 | BB98: 0 | BC98: 1 | BD98: 0 | BE98: 0 | BF98: 1 | BG98: 0 | BH98: 0 | BI98: 1 | BJ98: 0 | BK98: 0 | BL98: 1 | BM98: 0 | BN98: 2 | BO98: 0 | BP98: 2 | BQ98: 0 | BR98: 1 | BS98: 8 | BT98: 5 | BU98: 41 | BV98: 0 | BW98: 1 | BX98: 0 | BY98: 11 | BZ98: 3 | CA98: 0 | CB98: 1 | CC98: 2 | CD98: 4 | CE98: 0 | CF98: 0 | CG98: 7 | CH98: 0 | CI98: 0 | CJ98: 1 | CK98: 0 | CL98: 0 | CM98: 1 | CN98: 0 | CO98: 0 | CP98: 0 | CQ98: 1 | CR98: 3 | CS98: 0 | CT98: 2 | CU98: 1 | CV98: 205 | CW98: 1 | CX98: 0 | CY98: 0 | CZ98: 4 | DA98: 0 | DB98: 5 | DC98: 210 | DD98: 0 | DE98: 0 | DF98: 0 | DG98: 0 | DH98: 0 | DI98: 0 | DJ98: 0 | DK98: 0 | DL98: 7 | DM98: 0 | DN98: 217
A99: 3. Affinitaire(18) | D99: 14310 | E99: 7444 | F99: 14990 | G99: 6529 | H99: 8227 | I99: 19870 | J99: 8483 | K99: 5891 | L99: 4906 | M99: 9429 | N99: 10790 | O99: 10327 | P99: 64944 | Q99: 15918 | R99: 6888 | S99: 9145 | T99: 15851 | U99: 8261 | V99: 5566 | W99: 12419 | X99: 15781 | Y99: 5708 | Z99: 12310 | AA99: 13788 | AB99: 11883 | AC99: 11775 | AD99: 13901 | AE99: 35309 | AF99: 3232 | AG99: 4405 | AH99: 21733 | AI99: 48600 | AJ99: 5893 | AK99: 48406 | AL99: 21344 | AM99: 35959 | AN99: 6942 | AO99: 15395 | AP99: 47333 | AQ99: 9685 | AR99: 16547 | AS99: 7857 | AT99: 29317 | AU99: 6026 | AV99: 52099 | AW99: 25615 | AX99: 5423 | AY99: 10157 | AZ99: 4386 | BA99: 19339 | BB99: 15874 | BC99: 16430 | BD99: 4250 | BE99: 10627 | BF99: 14487 | BG99: 6486 | BH99: 23996 | BI99: 24206 | BJ99: 5005 | BK99: 46511 | BL99: 21805 | BM99: 7311 | BN99: 24635 | BO99: 27058 | BP99: 22944 | BQ99: 5326 | BR99: 16949 | BS99: 30038 | BT99: 15154 | BU99: 52018 | BV99: 4581 | BW99: 15750 | BX99: 14901 | BY99: 21212 | BZ99: 17210 | CA99: 28386 | CB99: 30106 | CC99: 30196 | CD99: 43492 | CE99: 10245 | CF99: 14030 | CG99: 12000 | CH99: 7992 | CI99: nd | CJ99: 12957 | CK99: 23804 | CL99: 14454 | CM99: 17159 | CN99: 6237 | CO99: 7833 | CP99: 1872 | CQ99: 38648 | CR99: 24194 | CS99: 22710 | CT99: 31209 | CU99: 27406 | CV99: 1726903 | CW99: 5183 | CX99: 6664 | CY99: 4908 | CZ99: 11042 | DA99: 1527 | DB99: 29324 | DC99: 1756227 | DD99: 52 | DE99: 55 | DF99: 210 | DG99: 49 | DH99: 1536 | DI99: 2197 | DJ99: 4099 | DK99: 115 | DL99: 8463 | DM99: 0 | DN99: 1768904
B100: 402 | C100: Fédération Française d'Éducation Physique et de Gymnastique Volontaire | D100: 4742 | E100: 2004 | F100: 3918 | G100: 1857 | H100: 2219 | I100: 3231 | J100: 2382 | K100: 154 | L100: 1533 | M100: 3302 | N100: 1559 | O100: 2491 | P100: 10389 | Q100: 2809 | R100: 1351 | S100: 3091 | T100: 6431 | U100: 4172 | V100: 1996 | W100: 4228 | X100: 1092 | Y100: 866 | Z100: 2518 | AA100: 1958 | AB100: 4816 | AC100: 5513 | AD100: 5686 | AE100: 2102 | AF100: 496 | AG100: 627 | AH100: 7725 | AI100: 18168 | AJ100: 2451 | AK100: 20639 | AL100: 4018 | AM100: 10967 | AN100: 1486 | AO100: 5207 | AP100: 17244 | AQ100: 2929 | AR100: 4094 | AS100: 4525 | AT100: 8121 | AU100: 1581 | AV100: 4296 | AW100: 9614 | AX100: 2113 | AY100: 2736 | AZ100: 2425 | BA100: 1311 | BB100: 10464 | BC100: 2299 | BD100: 792 | BE100: 2261 | BF100: 4173 | BG100: 1666 | BH100: 4538 | BI100: 4748 | BJ100: 1423 | BK100: 11179 | BL100: 4780 | BM100: 1351 | BN100: 1385 | BO100: 1774 | BP100: 4043 | BQ100: 1531 | BR100: 7784 | BS100: 3017 | BT100: 5050 | BU100: 14559 | BV100: 2020 | BW100: 3137 | BX100: 5257 | BY100: 6795 | BZ100: 3632 | CA100: 1196 | CB100: 6963 | CC100: 8735 | CD100: 13784 | CE100: 4153 | CF100: 1663 | CG100: 4510 | CH100: 2565 | CI100: 6098 | CJ100: 3975 | CK100: 5097 | CL100: 5962 | CM100: 4844 | CN100: 1882 | CO100: 3076 | CP100: 165 | CQ100: 10429 | CR100: 5871 | CS100: 3352 | CT100: 6086 | CU100: 8059 | CV100: 439306 | CW100: 1511 | CX100: 1308 | CY100: 180 | CZ100: 2029 | DA100: 0 | DB100: 5028 | DC100: 444334 | DD100: 0 | DE100: 1 | DF100: 10 | DG100: 49 | DH100: 0 | DI100: 0 | DJ100: 60 | DK100: 5 | DL100: 0 | DM100: 0 | DN100: 444399
B101: 413 | C101: Union Française des Œuvres Laïques d'Éducation Physique (UFOLEP) | D101: 1381 | E101: 1899 | F101: 1258 | G101: 1693 | H101: 1111 | I101: 1138 | J101: 889 | K101: 1001 | L101: 1564 | M101: 2606 | N101: 2753 | O101: 2556 | P101: 6189 | Q101: 3912 | R101: 1731 | S101: 3266 | T101: 2184 | U101: 1108 | V101: 1933 | W101: 752 | X101: 2538 | Y101: 3105 | Z101: 4462 | AA101: 330 | AB101: 2357 | AC101: 964 | AD101: 3625 | AE101: 6115 | AF101: 486 | AG101: 86 | AH101: 2723 | AI101: 4341 | AJ101: 651 | AK101: 9545 | AL101: 2645 | AM101: 8371 | AN101: 2972 | AO101: 3962 | AP101: 5695 | AQ101: 1078 | AR101: 1792 | AS101: 1363 | AT101: 5799 | AU101: 3011 | AV101: 18300 | AW101: 3792 | AX101: 904 | AY101: 3848 | AZ101: 722 | BA101: 2120 | BB101: 905 | BC101: 3586 | BD101: 672 | BE101: 717 | BF101: 2181 | BG101: 1300 | BH101: 823 | BI101: 5267 | BJ101: 1867 | BK101: 11731 | BL101: 5726 | BM101: 1123 | BN101: 13448 | BO101: 17723 | BP101: 5647 | BQ101: 1404 | BR101: 3602 | BS101: 416 | BT101: 269 | BU101: 12881 | BV101: 545 | BW101: 1864 | BX101: 835 | BY101: 1429 | BZ101: 1763 | CA101: 570 | CB101: 807 | CC101: 8660 | CD101: 8363 | CE101: 1330 | CF101: 4857 | CG101: 2990 | CH101: 2139 | CI101: 2523 | CJ101: 1237 | CK101: 3172 | CL101: 1678 | CM101: 4351 | CN101: 663 | CO101: 2013 | CP101: 44 | CQ101: 7181 | CR101: 2459 | CS101: 677 | CT101: 4267 | CU101: 6051 | CV101: 312382 | CW101: 1708 | CX101: 1117 | CY101: 101 | CZ101: 1063 | DA101: 637 | DB101: 4626 | DC101: 317008 | DD101: 3 | DE101: 5 | DF101: 10 | DG101: 0 | DH101: 0 | DI101: 0 | DJ101: 18 | DK101: 4 | DL101: 916 | DM101: 0 | DN101: 317946
B102: 403 | C102: Fédération Française Sports Pour Tous | D102: 553 | E102: 1217 | F102: 2585 | G102: 507 | H102: 419 | I102: 601 | J102: 1258 | K102: 2825 | L102: 661 | M102: 15 | N102: 265 | O102: 1035 | P102: 2533 | Q102: 2174 | R102: 83 | S102: 504 | T102: 492 | U102: 42 | V102: 101 | W102: 1459 | X102: 5636 | Y102: 1180 | Z102: 1292 | AA102: 1849 | AB102: 180 | AC102: 967 | AD102: 536 | AE102: 7462 | AF102: 214 | AG102: 688 | AH102: 2078 | AI102: 1130 | AJ102: 40 | AK102: 2848 | AL102: 494 | AM102: 1635 | AN102: 136 | AO102: 867 | AP102: 1580 | AQ102: 1187 | AR102: 938 | AS102: 286 | AT102: 1049 | AU102: 118 | AV102: 7959 | AW102: 3932 | AX102: 123 | AY102: 437 | AZ102: 88 | BA102: 2663 | BB102: 436 | BC102: 3339 | BD102: 49 | BE102: 413 | BF102: 1210 | BG102: 131 | BH102: 7314 | BI102: 5180 | BJ102: 261 | BK102: 4622 | BL102: 2994 | BM102: 6 | BN102: 1707 | BO102: 879 | BP102: 1104 | BQ102: 19 | BR102: 429 | BS102: 7297 | BT102: 1673 | BU102: 2348 | BV102: 322 | BW102: 588 | BX102: 382 | BY102: 1812 | BZ102: 4491 | CA102: 904 | CB102: 3647 | CC102: 1469 | CD102: 5160 | CE102: 155 | CF102: 3302 | CG102: 906 | CH102: 492 | CI102: 1493 | CJ102: 1127 | CK102: 1747 | CL102: 435 | CM102: 444 | CN102: 725 | CO102: 131 | CP102: 541 | CQ102: 2479 | CR102: 1161 | CS102: 501 | CT102: 1165 | CU102: 1076 | CV102: 146987 | CW102: 4 | CX102: 4 | CY102: 1218 | CZ102: 1223 | DA102: 0 | DB102: 2449 | DC102: 149436 | DD102: 15 | DE102: 1 | DF102: 0 | DG102: 0 | DH102: 1 | DI102: 217 | DJ102: 234 | DK102: 24 | DL102: 1718 | DM102: 0 | DN102: 151412
B103: 410 | C103: Fédération Sportive et Gymnique du Travail | D103: 1090 | E103: 126 | F103: 390 | G103: 124 | H103: 109 | I103: 7242 | J103: 625 | K103: 14 | L103: 412 | M103: 527 | N103: 380 | O103: 45 | P103: 14406 | Q103: 687 | R103: 93 | S103: 29 | T103: 231 | U103: 149 | V103: 16 | W103: 400 | X103: 2204 | Y103: 47 | Z103: 31 | AA103: 323 | AB103: 505 | AC103: 182 | AD103: 193 | AE103: 6397 | AF103: 557 | AG103: 770 | AH103: 1022 | AI103: 8630 | AJ103: 287 | AK103: 1364 | AL103: 1846 | AM103: 414 | AN103: 25 | AO103: 2367 | AP103: 4827 | AQ103: 108 | AR103: 336 | AS103: 53 | AT103: 3237 | AU103: 270 | AV103: 362 | AW103: 41 | AX103: 21 | AY103: 218 | AZ103: 6 | BA103: 335 | BB103: 90 | BC103: 252 | BD103: 59 | BE103: 134 | BF103: 267 | BG103: 41 | BH103: 303 | BI103: 377 | BJ103: 424 | BK103: 3567 | BL103: 374 | BM103: 1662 | BN103: 649 | BO103: 565 | BP103: 2143 | BQ103: 627 | BR103: 356 | BS103: 1695 | BT103: 1842 | BU103: 5219 | BV103: 181 | BW103: 1101 | BX103: 1761 | BY103: 1960 | BZ103: 2816 | CA103: 9891 | CB103: 2433 | CC103: 2047 | CD103: 3626 | CE103: 27 | CF103: 350 | CG103: 508 | CH103: 206 | CI103: 1119 | CJ103: 1057 | CK103: 66 | CL103: 28 | CM103: 33 | CN103: 267 | CO103: 183 | CP103: 223 | CQ103: 3363 | CR103: 4567 | CS103: 11158 | CT103: 11593 | CU103: 3112 | CV103: 148395 | CW103: 320 | CX103: 14 | CY103: 0 | CZ103: 877 | DA103: 21 | DB103: 1232 | DC103: 149627 | DD103: 0 | DE103: 0 | DF103: 6 | DG103: 0 | DH103: 0 | DI103: 2 | DJ103: 8 | DK103: 55 | DL103: 2 | DM103: 0 | DN103: 149692
B104: 408 | C104: Fédération Sportive et Culturelle de France | D104: 1318 | E104: 28 | F104: 119 | G104: 7 | H104: 156 | I104: 765 | J104: 1892 | K104: 551 | L104: 2 | M104: 1333 | N104: 159 | O104: 7 | P104: 2276 | Q104: 418 | R104: 316 | S104: 68 | T104: 1075 | U104: 274 | V104: 16 | W104: 1507 | X104: 736 | Y104: 0 | Z104: 1531 | AA104: 5040 | AB104: 533 | AC104: 143 | AD104: 2193 | AE104: 1359 | AF104: 1 | AG104: 2 | AH104: 177 | AI104: 790 | AJ104: 307 | AK104: 886 | AL104: 195 | AM104: 3587 | AN104: 5 | AO104: 217 | AP104: 7152 | AQ104: 1755 | AR104: 3204 | AS104: 484 | AT104: 6005 | AU104: 657 | AV104: 10050 | AW104: 3268 | AX104: 13 | AY104: 138 | AZ104: 3 | BA104: 7265 | BB104: 671 | BC104: 1519 | BD104: 94 | BE104: 1901 | BF104: 2100 | BG104: 1171 | BH104: 4625 | BI104: 1101 | BJ104: 22 | BK104: 5808 | BL104: 1825 | BM104: 1523 | BN104: 669 | BO104: 1378 | BP104: 1764 | BQ104: 12 | BR104: 112 | BS104: 6417 | BT104: 2828 | BU104: 7520 | BV104: 516 | BW104: 2241 | BX104: 531 | BY104: 4732 | BZ104: 1435 | CA104: 1705 | CB104: 419 | CC104: 1272 | CD104: 1723 | CE104: 620 | CF104: 90 | CG104: 157 | CH104: 8 | CI104: 143 | CJ104: 211 | CK104: 3875 | CL104: 341 | CM104: 2145 | CN104: 1386 | CO104: 542 | CP104: 260 | CQ104: 4272 | CR104: 632 | CS104: 2024 | CT104: 840 | CU104: 3373 | CV104: 148536 | CW104: 72 | CX104: 5 | CY104: 86 | CZ104: 34 | DA104: 0 | DB104: 197 | DC104: 148733 | DD104: 0 | DE104: 0 | DF104: 37 | DG104: 0 | DH104: 0 | DI104: 144 | DJ104: 181 | DK104: 0 | DL104: 99 | DM104: 0 | DN104: 149013
B105: 406 | C105: Fédération des Clubs de la Défense | D105: 1179 | E105: 368 | F105: 775 | G105: 228 | H105: 1254 | I105: 760 | J105: 346 | K105: 152 | L105: 283 | M105: 297 | N105: 2509 | O105: 1423 | P105: 5563 | Q105: 431 | R105: 118 | S105: 1347 | T105: 1477 | U105: 1753 | V105: 803 | W105: 871 | X105: 109 | Y105: 82 | Z105: 509 | AA105: 629 | AB105: 281 | AC105: 1550 | AD105: 470 | AE105: 3168 | AF105: 807 | AG105: 2128 | AH105: 2857 | AI105: 2062 | AJ105: 278 | AK105: 3661 | AL105: 531 | AM105: 4483 | AN105: 845 | AO105: 870 | AP105: 2222 | AQ105: 83 | AR105: 2752 | AS105: 252 | AT105: 854 | AU105: 34 | AV105: 998 | AW105: 1719 | AX105: 407 | AY105: 522 | AZ105: 8 | BA105: 1873 | BB105: 2168 | BC105: 1643 | BD105: 884 | BE105: 165 | BF105: 1021 | BG105: 532 | BH105: 3322 | BI105: 2600 | BJ105: 275 | BK105: 1035 | BL105: 616 | BM105: 144 | BN105: 471 | BO105: 1549 | BP105: 1878 | BQ105: 1295 | BR105: 542 | BS105: 2085 | BT105: 552 | BU105: 2293 | BV105: 346 | BW105: 1264 | BX105: 1252 | BY105: 715 | BZ105: 1196 | CA105: 4588 | CB105: 583 | CC105: 1920 | CD105: 4197 | CE105: 894 | CF105: 208 | CG105: 524 | CH105: 960 | CI105: 7833 | CJ105: 1812 | CK105: 282 | CL105: 2879 | CM105: 296 | CN105: 441 | CO105: 165 | CP105: 252 | CQ105: 2062 | CR105: 2450 | CS105: 1130 | CT105: 2753 | CU105: 246 | CV105: 125299 | CW105: 920 | CX105: 1983 | CY105: 2984 | CZ105: 2734 | DA105: 841 | DB105: 9462 | DC105: 134761 | DD105: 34 | DE105: 0 | DF105: 147 | DG105: 0 | DH105: 1468 | DI105: 1787 | DJ105: 3436 | DK105: 3 | DL105: 5125 | DM105: 0 | DN105: 143325
B106: 420 | C106: Fédération Sportive des ASPTT | D106: 597 | E106: 501 | F106: 858 | G106: 1547 | H106: 1508 | I106: 3156 | J106: 122 | K106: 439 | L106: 250 | M106: 1116 | N106: 1585 | O106: 377 | P106: 7056 | Q106: 1589 | R106: 711 | S106: 211 | T106: 1553 | U106: 362 | V106: 263 | W106: 2158 | X106: 1960 | Y106: 169 | Z106: 833 | AA106: 1833 | AB106: 1033 | AC106: 718 | AD106: 978 | AE106: 3775 | AF106: 634 | AG106: 41 | AH106: 791 | AI106: 4753 | AJ106: 173 | AK106: 1028 | AL106: 5250 | AM106: 1697 | AN106: 1041 | AO106: 402 | AP106: 2683 | AQ106: 252 | AR106: 1780 | AS106: 409 | AT106: 1766 | AU106: 89 | AV106: 4292 | AW106: 2365 | AX106: 292 | AY106: 1349 | AZ106: 107 | BA106: 2232 | BB106: 645 | BC106: 2451 | BD106: 926 | BE106: 717 | BF106: 2195 | BG106: 1422 | BH106: 1460 | BI106: 2585 | BJ106: 526 | BK106: 2180 | BL106: 399 | BM106: 918 | BN106: 709 | BO106: 1671 | BP106: 2460 | BQ106: 66 | BR106: 1144 | BS106: 4454 | BT106: 2407 | BU106: 1699 | BV106: 506 | BW106: 134 | BX106: 617 | BY106: 294 | BZ106: 1091 | CA106: 771 | CB106: 3502 | CC106: 467 | CD106: 493 | CE106: 536 | CF106: 1268 | CG106: 1686 | CH106: 324 | CI106: 5022 | CJ106: 447 | CK106: 808 | CL106: 2607 | CM106: 2347 | CN106: 413 | CO106: 561 | CP106: 288 | CQ106: 348 | CR106: 583 | CS106: 456 | CT106: 264 | CU106: 539 | CV106: 128090 | CW106: 172 | CX106: 433 | CY106: 310 | CZ106: 1285 | DA106: 2 | DB106: 2202 | DC106: 130292 | DD106: 0 | DE106: 48 | DF106: 0 | DG106: 0 | DH106: 1 | DI106: 16 | DJ106: 65 | DK106: 2 | DL106: 404 | DM106: 0 | DN106: 130763
B107: 404 | C107: Fédération Française de la Retraite Sportive | D107: 2705 | E107: 128 | F107: 2816 | G107: 282 | H107: 890 | I107: 1288 | J107: 10 | K107: 0 | L107: 2 | M107: 0 | N107: 218 | O107: 1628 | P107: 3809 | Q107: 159 | R107: 2074 | S107: 1 | T107: 1265 | U107: 25 | V107: 100 | W107: 75 | X107: 6 | Y107: 116 | Z107: 1 | AA107: 1500 | AB107: 347 | AC107: 212 | AD107: 9 | AE107: 358 | AF107: 0 | AG107: 1 | AH107: 2850 | AI107: 1695 | AJ107: 1241 | AK107: 2208 | AL107: 3009 | AM107: 2467 | AN107: 54 | AO107: 97 | AP107: 2632 | AQ107: 2205 | AR107: 197 | AS107: 46 | AT107: 1371 | AU107: 19 | AV107: 2178 | AW107: 89 | AX107: 22 | AY107: 228 | AZ107: 440 | BA107: 577 | BB107: 6 | BC107: 0 | BD107: 0 | BE107: 4006 | BF107: 0 | BG107: 0 | BH107: 18 | BI107: 2 | BJ107: 1 | BK107: 709 | BL107: 1915 | BM107: 384 | BN107: 395 | BO107: 902 | BP107: 1264 | BQ107: 58 | BR107: 491 | BS107: 21 | BT107: 4 | BU107: 177 | BV107: 96 | BW107: 4983 | BX107: 2480 | BY107: 2239 | BZ107: 29 | CA107: 946 | CB107: 502 | CC107: 1983 | CD107: 427 | CE107: 35 | CF107: 411 | CG107: 23 | CH107: 839 | CI107: 3540 | CJ107: 297 | CK107: 6068 | CL107: 25 | CM107: 1891 | CN107: 4 | CO107: 20 | CP107: 1 | CQ107: 1872 | CR107: 665 | CS107: 165 | CT107: 1312 | CU107: 2443 | CV107: 87299 | CW107: 0 | CX107: 1 | CY107: 0 | CZ107: 0 | DA107: 0 | DB107: 1 | DC107: 87300 | DD107: 0 | DE107: 0 | DF107: 0 | DG107: 0 | DH107: 0 | DI107: 0 | DJ107: 0 | DK107: 13 | DL107: 6 | DM107: 0 | DN107: 87319
B108: 407 | C108: Fédération Nationale du Sport en Milieu Rural | D108: 287 | E108: 889 | F108: 2015 | G108: 19 | H108: 520 | I108: 58 | J108: 889 | K108: 602 | L108: 69 | M108: 33 | N108: 42 | O108: 282 | P108: 6577 | Q108: 1044 | R108: 191 | S108: 405 | T108: 411 | U108: 184 | V108: 310 | W108: 530 | X108: 1253 | Y108: 30 | Z108: 727 | AA108: 87 | AB108: 1577 | AC108: 1088 | AD108: 61 | AE108: 3663 | AF108: 5 | AG108: 0 | AH108: 499 | AI108: 1611 | AJ108: 260 | AK108: 728 | AL108: 1613 | AM108: 960 | AN108: 204 | AO108: 37 | AP108: 930 | AQ108: 7 | AR108: 719 | AS108: 0 | AT108: 232 | AU108: 84 | AV108: 1596 | AW108: 37 | AX108: 122 | AY108: 226 | AZ108: 582 | BA108: 368 | BB108: 92 | BC108: 310 | BD108: 44 | BE108: 118 | BF108: 51 | BG108: 7 | BH108: 1254 | BI108: 1288 | BJ108: 10 | BK108: 1632 | BL108: 1488 | BM108: 84 | BN108: 2108 | BO108: 52 | BP108: 84 | BQ108: 84 | BR108: 1744 | BS108: 64 | BT108: 57 | BU108: 168 | BV108: 3 | BW108: 134 | BX108: 355 | BY108: 424 | BZ108: 8 | CA108: 39 | CB108: 9934 | CC108: 1348 | CD108: 3170 | CE108: 708 | CF108: 838 | CG108: 51 | CH108: 88 | CI108: 270 | CJ108: 1549 | CK108: 2497 | CL108: 66 | CM108: 117 | CN108: 0 | CO108: 396 | CP108: 1 | CQ108: 911 | CR108: 33 | CS108: 23 | CT108: 22 | CU108: 116 | CV108: 68503 | CW108: 6 | CX108: 87 | CY108: 2 | CZ108: 304 | DA108: 0 | DB108: 399 | DC108: 68902 | DD108: 0 | DE108: 0 | DF108: 0 | DG108: 0 | DH108: 0 | DI108: 0 | DJ108: 0 | DK108: 0 | DL108: 0 | DM108: 0 | DN108: 68902
B109: 417 | C109: Union Nationale Sportive Léo Lagrange | D109: 19 | E109: 31 | F109: 2 | G109: 3 | H109: 3 | I109: 53 | J109: 5 | K109: 1 | L109: 72 | M109: 3 | N109: 943 | O109: 149 | P109: 2435 | Q109: 1109 | R109: 31 | S109: 0 | T109: 2 | U109: 3 | V109: 11 | W109: 0 | X109: 4 | Y109: 1 | Z109: 4 | AA109: 0 | AB109: 78 | AC109: 2 | AD109: 2 | AE109: 495 | AF109: 0 | AG109: 0 | AH109: 145 | AI109: 2294 | AJ109: 19 | AK109: 643 | AL109: 538 | AM109: 132 | AN109: 0 | AO109: 3 | AP109: 1385 | AQ109: 19 | AR109: 275 | AS109: 372 | AT109: 47 | AU109: 125 | AV109: 472 | AW109: 68 | AX109: 1388 | AY109: 344 | AZ109: 0 | BA109: 60 | BB109: 263 | BC109: 83 | BD109: 675 | BE109: 50 | BF109: 167 | BG109: 99 | BH109: 82 | BI109: 3 | BJ109: 130 | BK109: 1640 | BL109: 1297 | BM109: 33 | BN109: 1342 | BO109: 77 | BP109: 1970 | BQ109: 8 | BR109: 241 | BS109: 163 | BT109: 67 | BU109: 2863 | BV109: 1 | BW109: 35 | BX109: 255 | BY109: 3 | BZ109: 312 | CA109: 163 | CB109: 7 | CC109: 11 | CD109: 591 | CE109: 2 | CF109: 678 | CG109: 289 | CH109: 76 | CI109: 1704 | CJ109: 827 | CK109: 6 | CL109: 0 | CM109: 0 | CN109: 103 | CO109: 0 | CP109: 1 | CQ109: 774 | CR109: 55 | CS109: 58 | CT109: 12 | CU109: 24 | CV109: 31030 | CW109: 0 | CX109: 0 | CY109: 0 | CZ109: 0 | DA109: 0 | DB109: 0 | DC109: 31030 | DD109: 0 | DE109: 0 | DF109: 0 | DG109: 0 | DH109: 0 | DI109: 0 | DJ109: 0 | DK109: 1 | DL109: 48 | DM109: 0 | DN109: 31079
B110: 411 | C110: Fédération Sportive de la Police Nationale | D110: 100 | E110: 116 | F110: 106 | G110: 26 | H110: 33 | I110: 592 | J110: 27 | K110: 135 | L110: 47 | M110: 48 | N110: 240 | O110: 49 | P110: 1402 | Q110: 140 | R110: 27 | S110: 75 | T110: 336 | U110: 73 | V110: 5 | W110: 161 | X110: 69 | Y110: 2 | Z110: 375 | AA110: 180 | AB110: 99 | AC110: 64 | AD110: 74 | AE110: 189 | AF110: 6 | AG110: 61 | AH110: 400 | AI110: 711 | AJ110: 5 | AK110: 841 | AL110: 440 | AM110: 347 | AN110: 65 | AO110: 209 | AP110: 337 | AQ110: 33 | AR110: 81 | AS110: 51 | AT110: 543 | AU110: 22 | AV110: 414 | AW110: 196 | AX110: 16 | AY110: 107 | AZ110: 5 | BA110: 141 | BB110: 115 | BC110: 195 | BD110: 47 | BE110: 52 | BF110: 310 | BG110: 30 | BH110: 70 | BI110: 534 | BJ110: 6 | BK110: 1531 | BL110: 160 | BM110: 69 | BN110: 892 | BO110: 381 | BP110: 391 | BQ110: 97 | BR110: 287 | BS110: 346 | BT110: 209 | BU110: 1359 | BV110: 24 | BW110: 195 | BX110: 184 | BY110: 91 | BZ110: 85 | CA110: 2343 | CB110: 869 | CC110: 1057 | CD110: 459 | CE110: 70 | CF110: 123 | CG110: 224 | CH110: 275 | CI110: 338 | CJ110: 270 | CK110: 42 | CL110: 206 | CM110: 313 | CN110: 59 | CO110: 179 | CP110: 74 | CQ110: 651 | CR110: 920 | CS110: 1442 | CT110: 845 | CU110: 804 | CV110: 29044 | CW110: 83 | CX110: 85 | CY110: 3 | CZ110: 505 | DA110: 8 | DB110: 684 | DC110: 29728 | DD110: 0 | DE110: 0 | DF110: 0 | DG110: 0 | DH110: 66 | DI110: 0 | DJ110: 66 | DK110: 0 | DL110: 0 | DM110: 0 | DN110: 29794
B111: 422 | C111: Fédération Française des Clubs Omnisports | D111: 0 | E111: 0 | F111: 137 | G111: 78 | H111: 0 | I111: 0 | J111: 0 | K111: 0 | L111: 0 | M111: 0 | N111: 0 | O111: 184 | P111: 216 | Q111: 1269 | R111: 16 | S111: 0 | T111: 96 | U111: 0 | V111: 0 | W111: 0 | X111: 0 | Y111: 0 | Z111: 0 | AA111: 0 | AB111: 0 | AC111: 17 | AD111: 10 | AE111: 0 | AF111: 0 | AG111: 0 | AH111: 161 | AI111: 291 | AJ111: 0 | AK111: 3340 | AL111: 244 | AM111: 599 | AN111: 0 | AO111: 366 | AP111: 172 | AQ111: 0 | AR111: 279 | AS111: 0 | AT111: 0 | AU111: 0 | AV111: 486 | AW111: 82 | AX111: 0 | AY111: 0 | AZ111: 0 | BA111: 256 | BB111: 0 | BC111: 0 | BD111: 0 | BE111: 81 | BF111: 41 | BG111: 20 | BH111: 0 | BI111: 0 | BJ111: 0 | BK111: 42 | BL111: 0 | BM111: 0 | BN111: 0 | BO111: 0 | BP111: 0 | BQ111: 0 | BR111: 0 | BS111: 2452 | BT111: 0 | BU111: 186 | BV111: 0 | BW111: 56 | BX111: 588 | BY111: 299 | BZ111: 140 | CA111: 1215 | CB111: 156 | CC111: 890 | CD111: 678 | CE111: 1606 | CF111: 0 | CG111: 0 | CH111: 0 | CI111: 390 | CJ111: 0 | CK111: 0 | CL111: 38 | CM111: 155 | CN111: 0 | CO111: 549 | CP111: 0 | CQ111: 3728 | CR111: 2299 | CS111: 808 | CT111: 384 | CU111: 0 | CV111: 25100 | CW111: 361 | CX111: 0 | CY111: 0 | CZ111: 142 | DA111: 0 | DB111: 503 | DC111: 25603 | DD111: 0 | DE111: 0 | DF111: 0 | DG111: 0 | DH111: 0 | DI111: 0 | DJ111: 0 | DK111: 0 | DL111: 0 | DM111: 0 | DN111: 25603
... B117: 425 | C117: UCPA Sport Vacances | D117: 1 | E117: 0 | F117: 1 | G117: 0 | H117: 0 | I117: 1 | J117: 0 | K117: 0 | L117: 0 | M117: 0 | N117: 0 | O117: 0 | P117: 6 | Q117: 0 | R117: 0 | S117: 1 | T117: 5 | U117: 0 | V117: 0 | W117: 0 | X117: 5 | Y117: 0 | Z117: 1 | AA117: 0 | AB117: 0 | AC117: 0 | AD117: 0 | AE117: 2 | AF117: 0 | AG117: 0 | AH117: 0 | AI117: 8 | AJ117: 0 | AK117: 10 | AL117: 0 | AM117: 6 | AN117: 0 | AO117: 2 | AP117: 3 | AQ117: 0 | AR117: 2 | AS117: 1 | AT117: 0 | AU117: 0 | AV117: 10 | AW117: 0 | AX117: 0 | AY117: 1 | AZ117: 0 | BA117: 0 | BB117: 1 | BC117: 1 | BD117: 0 | BE117: 0 | BF117: 1 | BG117: 0 | BH117: 10 | BI117: 0 | BJ117: 0 | BK117: 2 | BL117: 2 | BM117: 0 | BN117: 0 | BO117: 0 | BP117: 1 | BQ117: 1 | BR117: 0 | BS117: 3 | BT117: 2 | BU117: 7 | BV117: 0 | BW117: 0 | BX117: 0 | BY117: 1 | BZ117: 2 | CA117: 21 | CB117: 0 | CC117: 2 | CD117: 5 | CE117: 1 | CF117: 0 | CG117: 0 | CH117: 0 | CI117: 4 | CJ117: 0 | CK117: 0 | CL117: 1 | CM117: 0 | CN117: 0 | CO117: 0 | CP117: 0 | CQ117: 7 | CR117: 12 | CS117: 3 | CT117: 5 | CU117: 0 | CV117: 161 | CW117: 0 | CX117: 0 | CY117: 0 | CZ117: 0 | DA117: 0 | DB117: 0 | DC117: 161 | DD117: 0 | DE117: 0 | DF117: 0 | DG117: 0 | DH117: 0 | DI117: 0 | DJ117: 0 | DK117: 0 | DL117: 0 | DM117: 0 | DN117: 161
A118: 4. Para-sport(2) | D118: 888 | E118: 493 | F118: 318 | G118: 333 | H118: 502 | I118: 906 | J118: 250 | K118: 533 | L118: 392 | M118: 268 | N118: 358 | O118: 619 | P118: 2206 | Q118: 607 | R118: 124 | S118: 629 | T118: 837 | U118: 708 | V118: 636 | W118: 599 | X118: 900 | Y118: 416 | Z118: 1170 | AA118: 1252 | AB118: 1301 | AC118: 748 | AD118: 178 | AE118: 1696 | AF118: 4 | AG118: 2 | AH118: 1315 | AI118: 2617 | AJ118: 1116 | AK118: 2464 | AL118: 1313 | AM118: 1222 | AN118: 89 | AO118: 567 | AP118: 1887 | AQ118: 559 | AR118: 1375 | AS118: 655 | AT118: 1360 | AU118: 668 | AV118: 1591 | AW118: 649 | AX118: 390 | AY118: 659 | AZ118: 822 | BA118: 1013 | BB118: 476 | BC118: 869 | BD118: 289 | BE118: 710 | BF118: 600 | BG118: 431 | BH118: 730 | BI118: 741 | BJ118: 480 | BK118: 1817 | BL118: 1246 | BM118: 175 | BN118: 1654 | BO118: 585 | BP118: 1488 | BQ118: 813 | BR118: 686 | BS118: 907 | BT118: 542 | BU118: 1758 | BV118: 296 | BW118: 534 | BX118: 511 | BY118: 1100 | BZ118: 1142 | CA118: 1533 | CB118: 631 | CC118: 979 | CD118: 997 | CE118: 561 | CF118: 855 | CG118: 956 | CH118: 617 | CI118: nd | CJ118: 579 | CK118: 867 | CL118: 887 | CM118: 630 | CN118: 451 | CO118: 826 | CP118: 221 | CQ118: 1029 | CR118: 1002 | CS118: 713 | CT118: 745 | CU118: 810 | CV118: 80000 | CW118: 60 | CX118: 257 | CY118: 24 | CZ118: 643 | DA118: 14 | DB118: 998 | DC118: 80998 | DD118: 0 | DE118: 0 | DF118: 1 | DG118: 7 | DH118: 13 | DI118: 184 | DJ118: 205 | DK118: 11 | DL118: 23 | DM118: 0 | DN118: 81237
B119: 503 | C119: Fédération Française du Sport Adapté | D119: 637 | E119: 325 | F119: 226 | G119: 277 | H119: 362 | I119: 390 | J119: 153 | K119: 56 | L119: 268 | M119: 137 | N119: 207 | O119: 384 | P119: 953 | Q119: 341 | R119: 118 | S119: 534 | T119: 627 | U119: 623 | V119: 546 | W119: 144 | X119: 517 | Y119: 413 | Z119: 996 | AA119: 630 | AB119: 682 | AC119: 594 | AD119: 54 | AE119: 1073 | AF119: 0 | AG119: 0 | AH119: 805 | AI119: 1455 | AJ119: 926 | AK119: 1663 | AL119: 677 | AM119: 653 | AN119: 43 | AO119: 281 | AP119: 998 | AQ119: 311 | AR119: 1105 | AS119: 523 | AT119: 803 | AU119: 533 | AV119: 914 | AW119: 395 | AX119: 349 | AY119: 553 | AZ119: 801 | BA119: 743 | BB119: 326 | BC119: 466 | BD119: 87 | BE119: 481 | BF119: 152 | BG119: 317 | BH119: 303 | BI119: 311 | BJ119: 15 | BK119: 863 | BL119: 860 | BM119: 143 | BN119: 1077 | BO119: 322 | BP119: 1085 | BQ119: 660 | BR119: 355 | BS119: 536 | BT119: 345 | BU119: 645 | BV119: 94 | BW119: 229 | BX119: 383 | BY119: 587 | BZ119: 438 | CA119: 600 | CB119: 400 | CC119: 595 | CD119: 533 | CE119: 187 | CF119: 408 | CG119: 746 | CH119: 485 | CI119: 751 | CJ119: 423 | CK119: 639 | CL119: 543 | CM119: 362 | CN119: 316 | CO119: 643 | CP119: 70 | CQ119: 535 | CR119: 289 | CS119: 353 | CT119: 378 | CU119: 242 | CV119: 47376 | CW119: 18 | CX119: 16 | CY119: 0 | CZ119: 232 | DA119: 11 | DB119: 277 | DC119: 47653 | DD119: 0 | DE119: 0 | DF119: 1 | DG119: 4 | DH119: 3 | DI119: 78 | DJ119: 86 | DK119: 8 | DL119: 22 | DM119: 0 | DN119: 47769
B120: 501 | C120: Fédération Française Handisport | D120: 251 | E120: 168 | F120: 92 | G120: 56 | H120: 140 | I120: 516 | J120: 97 | K120: 477 | L120: 124 | M120: 131 | N120: 151 | O120: 235 | P120: 1253 | Q120: 266 | R120: 6 | S120: 95 | T120: 210 | U120: 85 | V120: 90 | W120: 455 | X120: 383 | Y120: 3 | Z120: 174 | AA120: 622 | AB120: 619 | AC120: 154 | AD120: 124 | AE120: 623 | AF120: 4 | AG120: 2 | AH120: 510 | AI120: 1162 | AJ120: 190 | AK120: 801 | AL120: 636 | AM120: 569 | AN120: 46 | AO120: 286 | AP120: 889 | AQ120: 248 | AR120: 270 | AS120: 132 | AT120: 557 | AU120: 135 | AV120: 677 | AW120: 254 | AX120: 41 | AY120: 106 | AZ120: 21 | BA120: 270 | BB120: 150 | BC120: 403 | BD120: 202 | BE120: 229 | BF120: 448 | BG120: 114 | BH120: 427 | BI120: 430 | BJ120: 465 | BK120: 954 | BL120: 386 | BM120: 32 | BN120: 577 | BO120: 263 | BP120: 403 | BQ120: 153 | BR120: 331 | BS120: 371 | BT120: 197 | BU120: 1113 | BV120: 202 | BW120: 305 | BX120: 128 | BY120: 513 | BZ120: 704 | CA120: 933 | CB120: 231 | CC120: 384 | CD120: 464 | CE120: 374 | CF120: 447 | CG120: 210 | CH120: 132 | CI120: 576 | CJ120: 156 | CK120: 228 | CL120: 344 | CM120: 268 | CN120: 135 | CO120: 183 | CP120: 151 | CQ120: 494 | CR120: 713 | CS120: 360 | CT120: 367 | CU120: 568 | CV120: 32624 | CW120: 42 | CX120: 241 | CY120: 24 | CZ120: 411 | DA120: 3 | DB120: 721 | DC120: 33345 | DD120: 0 | DE120: 0 | DF120: 0 | DG120: 3 | DH120: 10 | DI120: 106 | DJ120: 119 | DK120: 3 | DL120: 1 | DM120: 0 | DN120: 33468
A121: 5. Scolaire(5) | D121: 31651 | E121: 18546 | F121: 9156 | G121: 6050 | H121: 6778 | I121: 30970 | J121: 19743 | K121: 6126 | L121: 7452 | M121: 12810 | N121: 13705 | O121: 15119 | P121: 88249 | Q121: 35338 | R121: 6394 | S121: 14129 | T121: 24979 | U121: 10058 | V121: 19892 | W121: 16282 | X121: 39756 | Y121: 5664 | Z121: 14641 | AA121: 27478 | AB121: 25130 | AC121: 21646 | AD121: 29637 | AE121: 65636 | AF121: 9316 | AG121: 7809 | AH121: 32397 | AI121: 51492 | AJ121: 10718 | AK121: 65451 | AL121: 37215 | AM121: 91422 | AN121: 8634 | AO121: 35642 | AP121: 62053 | AQ121: 13089 | AR121: 22156 | AS121: 17228 | AT121: 30393 | AU121: 12045 | AV121: 121574 | AW121: 31922 | AX121: 7412 | AY121: 13839 | AZ121: 8174 | BA121: 66865 | BB121: 23562 | BC121: 25855 | BD121: 8160 | BE121: 29432 | BF121: 37011 | BG121: 11809 | BH121: 71781 | BI121: 57229 | BJ121: 8466 | BK121: 178303 | BL121: 35266 | BM121: 15008 | BN121: 66261 | BO121: 25400 | BP121: 35952 | BQ121: 8749 | BR121: 22087 | BS121: 42523 | BT121: 31319 | BU121: 114765 | BV121: 8993 | BW121: 18298 | BX121: 37691 | BY121: 16748 | BZ121: 51058 | CA121: 86504 | CB121: 26821 | CC121: 44899 | CD121: 80434 | CE121: 21856 | CF121: 29116 | CG121: 24406 | CH121: 15239 | CI121: nd | CJ121: 27016 | CK121: 61560 | CL121: 19889 | CM121: 20971 | CN121: 18396 | CO121: 11347 | CP121: 7939 | CQ121: 70168 | CR121: 61632 | CS121: 50892 | CT121: 45377 | CU121: 36354 | CV121: 3145737 | CW121: 18699 | CX121: 14786 | CY121: 13021 | CZ121: 43116 | DA121: 14944 | DB121: 104566 | DC121: 3250303 | DD121: 8 | DE121: 273 | DF121: 566 | DG121: 2 | DH121: 15113 | DI121: 4288 | DJ121: 20250 | DK121: 830 | DL121: 3496 | DM121: 0 | DN121: 3274879
B122: 604 | C122: Union Nationale du Sport Scolaire (UNSS) | D122: 13356 | E122: 10499 | F122: 6033 | G122: 3993 | H122: 3756 | I122: 16856 | J122: 6725 | K122: 5739 | L122: 4153 | M122: 8107 | N122: 7225 | O122: 6072 | P122: 29478 | Q122: 11272 | R122: 3180 | S122: 5705 | T122: 14577 | U122: 5795 | V122: 4756 | W122: 9771 | X122: 8653 | Y122: 2335 | Z122: 6856 | AA122: 11995 | AB122: 8191 | AC122: 14050 | AD122: 7303 | AE122: 11532 | AF122: 5456 | AG122: 3263 | AH122: 10967 | AI122: 24465 | AJ122: 5445 | AK122: 23553 | AL122: 19912 | AM122: 15260 | AN122: 4305 | AO122: 9761 | AP122: 20865 | AQ122: 5817 | AR122: 9888 | AS122: 4816 | AT122: 15392 | AU122: 5412 | AV122: 17656 | AW122: 13565 | AX122: 3364 | AY122: 5319 | AZ122: 1960 | BA122: 9366 | BB122: 8016 | BC122: 11485 | BD122: 3744 | BE122: 5066 | BF122: 14249 | BG122: 4516 | BH122: 8693 | BI122: 23023 | BJ122: 4382 | BK122: 36354 | BL122: 14566 | BM122: 5126 | BN122: 25656 | BO122: 11822 | BP122: 14661 | BQ122: 5959 | BR122: 9853 | BS122: 23693 | BT122: 16537 | BU122: 27475 | BV122: 5796 | BW122: 11339 | BX122: 9578 | BY122: 8623 | BZ122: 13437 | CA122: 21883 | CB122: 21384 | CC122: 27677 | CD122: 25666 | CE122: 7809 | CF122: 11952 | CG122: 9709 | CH122: 6475 | CI122: 17435 | CJ122: 10055 | CK122: 9092 | CL122: 8145 | CM122: 6745 | CN122: 8231 | CO122: 6053 | CP122: 3546 | CQ122: 23068 | CR122: 19321 | CS122: 27662 | CT122: 19453 | CU122: 20977 | CV122: 1119757 | CW122: 6711 | CX122: 6023 | CY122: 8561 | CZ122: 17201 | DA122: 9149 | DB122: 47645 | DC122: 1167402 | DD122: 0 | DE122: 15 | DF122: 277 | DG122: 0 | DH122: 9 | DI122: 1 | DJ122: 302 | DK122: 811 | DL122: 3458 | DM122: 0 | DN122: 1171973
B123: 602 | C123: Fédération Sportive Educative de l'Enseignement Catholique (UGSEL) | D123: 11224 | E123: 4951 | F123: 177 | G123: 58 | H123: 61 | I123: 9365 | J123: 8329 | K123: 321 | L123: 86 | M123: 96 | N123: 327 | O123: 3511 | P123: 20931 | Q123: 17785 | R123: 870 | S123: 124 | T123: 565 | U123: 1678 | V123: 991 | W123: 262 | X123: 26533 | Y123: 26 | Z123: 258 | AA123: 3183 | AB123: 13938 | AC123: 563 | AD123: 8064 | AE123: 49954 | AF123: 45 | AG123: 50 | AH123: 13296 | AI123: 13330 | AJ123: 2584 | AK123: 29087 | AL123: 6709 | AM123: 63549 | AN123: 328 | AO123: 12358 | AP123: 19572 | AQ123: 1223 | AR123: 1318 | AS123: 4163 | AT123: 4168 | AU123: 3818 | AV123: 83182 | AW123: 11830 | AX123: 188 | AY123: 5816 | AZ123: 3167 | BA123: 53667 | BB123: 14274 | BC123: 8636 | BD123: 869 | BE123: 17204 | BF123: 11340 | BG123: 2467 | BH123: 53507 | BI123: 12871 | BJ123: 77 | BK123: 110785 | BL123: 14321 | BM123: 7384 | BN123: 30271 | BO123: 1275 | BP123: 10333 | BQ123: 151 | BR123: 770 | BS123: 10322 | BT123: 4581 | BU123: 36751 | BV123: 1075 | BW123: 330 | BX123: 17355 | BY123: 3241 | BZ123: 25461 | CA123: 36841 | CB123: 849 | CC123: 2666 | CD123: 28373 | CE123: 814 | CF123: 451 | CG123: 4519 | CH123: 3345 | CI123: 3553 | CJ123: 11066 | CK123: 49598 | CL123: 706 | CM123: 57 | CN123: 2329 | CO123: 71 | CP123: 1445 | CQ123: 5941 | CR123: 36176 | CS123: 12245 | CT123: 11503 | CU123: 2621 | CV123: 1128499 | CW123: 3557 | CX123: 4087 | CY123: 3683 | CZ123: 148 | DA123: 66 | DB123: 11541 | DC123: 1140040 | DD123: 7 | DE123: 256 | DF123: 19 | DG123: 2 | DH123: 34 | DI123: 37 | DJ123: 355 | DK123: 2 | DL123: 15 | DM123: 0 | DN123: 1140412
B124: 605 | C124: Union Sportive de l'Enseignement du Premier Degré | D124: 6441 | E124: 2661 | F124: 2614 | G124: 1909 | H124: 2836 | I124: 3159 | J124: 4485 | K124: 6 | L124: 3113 | M124: 3916 | N124: 6041 | O124: 5290 | P124: 25806 | Q124: 5320 | R124: 2291 | S124: 8085 | T124: 9219 | U124: 2333 | V124: 14028 | W124: 4983 | X124: 4118 | Y124: 3272 | Z124: 7391 | AA124: 11544 | AB124: 2676 | AC124: 6884 | AD124: 14156 | AE124: 2540 | AF124: 3746 | AG124: 4328 | AH124: 7242 | AI124: 6306 | AJ124: 2596 | AK124: 6966 | AL124: 4419 | AM124: 9503 | AN124: 3965 | AO124: 13135 | AP124: 9604 | AQ124: 5942 | AR124: 10748 | AS124: 7953 | AT124: 9865 | AU124: 2673 | AV124: 18199 | AW124: 6034 | AX124: 3799 | AY124: 2580 | AZ124: 3012 | BA124: 2512 | BB124: 1062 | BC124: 4561 | BD124: 3519 | BE124: 7039 | BF124: 8780 | BG124: 4761 | BH124: 9102 | BI124: 20613 | BJ124: 3953 | BK124: 20060 | BL124: 5485 | BM124: 2432 | BN124: 8516 | BO124: 7850 | BP124: 9621 | BQ124: 2213 | BR124: 11371 | BS124: 5183 | BT124: 9809 | BU124: 36897 | BV124: 2033 | BW124: 6367 | BX124: 10514 | BY124: 4413 | BZ124: 11620 | CA124: 11783 | CB124: 3129 | CC124: 13427 | CD124: 24030 | CE124: 13085 | CF124: 15008 | CG124: 9650 | CH124: 5283 | CI124: 1587 | CJ124: 5572 | CK124: 2583 | CL124: 9217 | CM124: 13109 | CN124: 7539 | CO124: 5176 | CP124: 2847 | CQ124: 37472 | CR124: 3256 | CS124: 9910 | CT124: 11438 | CU124: 11652 | CV124: 746771 | CW124: 8416 | CX124: 4612 | CY124: 776 | CZ124: 23781 | DA124: 5729 | DB124: 43314 | DC124: 790085 | DD124: 0 | DE124: 0 | DF124: 270 | DG124: 0 | DH124: 14819 | DI124: 4222 | DJ124: 19311 | DK124: 0 | DL124: 1 | DM124: 0 | DN124: 809397
B125: 601 | C125: Fédération Française du Sport Universitaire | D125: 510 | E125: 418 | F125: 304 | G125: 75 | H125: 111 | I125: 1017 | J125: 175 | K125: 53 | L125: 96 | M125: 688 | N125: 97 | O125: 212 | P125: 4463 | Q125: 644 | R125: 50 | S125: 209 | T125: 604 | U125: 252 | V125: 108 | W125: 1261 | X125: 448 | Y125: 31 | Z125: 124 | AA125: 749 | AB125: 290 | AC125: 137 | AD125: 105 | AE125: 1603 | AF125: 63 | AG125: 167 | AH125: 762 | AI125: 6678 | AJ125: 87 | AK125: 4470 | AL125: 2171 | AM125: 3096 | AN125: 33 | AO125: 381 | AP125: 3558 | AQ125: 97 | AR125: 193 | AS125: 289 | AT125: 951 | AU125: 133 | AV125: 2518 | AW125: 489 | AX125: 58 | AY125: 120 | AZ125: 31 | BA125: 1313 | BB125: 205 | BC125: 1157 | BD125: 28 | BE125: 122 | BF125: 2635 | BG125: 64 | BH125: 471 | BI125: 720 | BJ125: 48 | BK125: 5823 | BL125: 842 | BM125: 57 | BN125: 1743 | BO125: 1330 | BP125: 712 | BQ125: 420 | BR125: 85 | BS125: 3321 | BT125: 383 | BU125: 7375 | BV125: 88 | BW125: 254 | BX125: 238 | BY125: 406 | BZ125: 498 | CA125: 4855 | CB125: 1317 | CC125: 1091 | CD125: 2305 | CE125: 133 | CF125: 1026 | CG125: 518 | CH125: 127 | CI125: 667 | CJ125: 298 | CK125: 283 | CL125: 1064 | CM125: 691 | CN125: 295 | CO125: 45 | CP125: 101 | CQ125: 3599 | CR125: 2348 | CS125: 925 | CT125: 2010 | CU125: 1070 | CV125: 96285 | CW125: 13 | CX125: 59 | CY125: 1 | CZ125: 1979 | DA125: 0 | DB125: 2052 | DC125: 98337 | DD125: 1 | DE125: 1 | DF125: 0 | DG125: 0 | DH125: 251 | DI125: 21 | DJ125: 274 | DK125: 17 | DL125: 4 | DM125: 0 | DN125: 98632
B126: 603 | C126: Fédération Française des Clubs Universitaires | D126: 120 | E126: 17 | F126: 28 | G126: 15 | H126: 14 | I126: 573 | J126: 29 | K126: 7 | L126: 4 | M126: 3 | N126: 15 | O126: 34 | P126: 7571 | Q126: 317 | R126: 3 | S126: 6 | T126: 14 | U126: 0 | V126: 9 | W126: 5 | X126: 4 | Y126: 0 | Z126: 12 | AA126: 7 | AB126: 35 | AC126: 12 | AD126: 9 | AE126: 7 | AF126: 6 | AG126: 1 | AH126: 130 | AI126: 713 | AJ126: 6 | AK126: 1375 | AL126: 4004 | AM126: 14 | AN126: 3 | AO126: 7 | AP126: 8454 | AQ126: 10 | AR126: 9 | AS126: 7 | AT126: 17 | AU126: 9 | AV126: 19 | AW126: 4 | AX126: 3 | AY126: 4 | AZ126: 4 | BA126: 7 | BB126: 5 | BC126: 16 | BD126: 0 | BE126: 1 | BF126: 7 | BG126: 1 | BH126: 8 | BI126: 2 | BJ126: 6 | BK126: 5281 | BL126: 52 | BM126: 9 | BN126: 75 | BO126: 3123 | BP126: 625 | BQ126: 6 | BR126: 8 | BS126: 4 | BT126: 9 | BU126: 6267 | BV126: 1 | BW126: 8 | BX126: 6 | BY126: 65 | BZ126: 42 | CA126: 11142 | CB126: 142 | CC126: 38 | CD126: 60 | CE126: 15 | CF126: 679 | CG126: 10 | CH126: 9 | CI126: 92 | CJ126: 25 | CK126: 4 | CL126: 757 | CM126: 369 | CN126: 2 | CO126: 2 | CP126: 0 | CQ126: 88 | CR126: 531 | CS126: 150 | CT126: 973 | CU126: 34 | CV126: 54425 | CW126: 2 | CX126: 5 | CY126: 0 | CZ126: 7 | DA126: 0 | DB126: 14 | DC126: 54439 | DD126: 0 | DE126: 1 | DF126: 0 | DG126: 0 | DH126: 0 | DI126: 7 | DJ126: 8 | DK126: 0 | DL126: 18 | DM126: 0 | DN126: 54465
C127: Total | D127: 180984 | E127: 103338 | F127: 82873 | G127: 45178 | H127: 53210 | I127: 266986 | J127: 95765 | K127: 52676 | L127: 45145 | M127: 66966 | N127: 92766 | O127: 85755 | P127: 511364 | Q127: 183425 | R127: 40048 | S127: 83369 | T127: 165025 | U127: 70288 | V127: 70883 | W127: 124209 | X127: 181468 | Y127: 29468 | Z127: 98233 | AA127: 137474 | AB127: 144146 | AC127: 141880 | AD127: 117260 | AE127: 280598 | AF127: 41228 | AG127: 44402 | AH127: 198227 | AI127: 391063 | AJ127: 61357 | AK127: 441801 | AL127: 276608 | AM127: 358182 | AN127: 53372 | AO127: 162773 | AP127: 369673 | AQ127: 71831 | AR127: 141001 | AS127: 86087 | AT127: 197809 | AU127: 65147 | AV127: 471523 | AW127: 185693 | AX127: 50358 | AY127: 90157 | AZ127: 27837 | BA127: 243313 | BB127: 134140 | BC127: 125778 | BD127: 39432 | BE127: 103751 | BF127: 171007 | BG127: 47538 | BH127: 252888 | BI127: 262338 | BJ127: 47345 | BK127: 618246 | BL127: 204234 | BM127: 64290 | BN127: 307191 | BO127: 177483 | BP127: 219731 | BQ127: 64246 | BR127: 128970 | BS127: 287564 | BT127: 181848 | BU127: 489961 | BV127: 51180 | BW127: 126486 | BX127: 151550 | BY127: 139217 | BZ127: 266378 | CA127: 355717 | CB127: 268363 | CC127: 321990 | CD127: 425500 | CE127: 100984 | CF127: 132234 | CG127: 115502 | CH127: 75013 | CI127: 270616 | CJ127: 146557 | CK127: 223676 | CL127: 117052 | CM127: 103192 | CN127: 84429 | CO127: 71038 | CP127: 32431 | CQ127: 344015 | CR127: 382914 | CS127: 243240 | CT127: 283312 | CU127: 263368 | CV127: 16604157 | CW127: 75878 | CX127: 67647 | CY127: 47176 | CZ127: 173837 | DA127: 44143 | DB127: 408681 | DC127: 17012838 | DD127: 2666 | DE127: 2000 | DF127: 5254 | DG127: 1524 | DH127: 26489 | DI127: 32717 | DJ127: 70650 | DK127: 9161 | DL127: 67873 | DM127: 542 | DN127: 17161064
C128: Population départementale | D128: 683034 | E128: 521152 | F128: 333234 | G128: 168908 | H128: 141906 | I128: 1124992 | J128: 335833 | K128: 264556 | L128: 156304 | M128: 311187 | N128: 379190 | O128: 278821 | P128: 2083682 | Q128: 709128 | R128: 143964 | S128: 350672 | T128: 677189 | U128: 297019 | V128: 239704 | W128: 538508 | X128: 613301 | Y128: 114600 | Z128: 417397 | AA128: 550255 | AB128: 523457 | AC128: 601853 | AD128: 433304 | AE128: 933628 | AF128: 170513 | AG128: 186724 | AH128: 772243 | AI128: 1489751 | AJ128: 192920 | AK128: 1704597 | AL128: 1241541 | AM128: 1126416 | AN128: 214525 | AO128: 619310 | AP128: 1302971 | AQ128: 257644 | AR128: 436872 | AS128: 328012 | AT128: 775357 | AU128: 228010 | AV128: 1498959 | AW128: 689845 | AX128: 176103 | AY128: 332318 | AZ128: 76512 | BA128: 832858 | BB128: 496331 | BC128: 560550 | BD128: 168009 | BE128: 303859 | BF128: 730498 | BG128: 178231 | BH128: 785243 | BI128: 1050897 | BJ128: 200541 | BK128: 2616167 | BL128: 830031 | BM128: 273419 | BN128: 1453532 | BO128: 664135 | BP128: 708825 | BQ128: 232145 | BR128: 500103 | BS128: 1164797 | BT128: 766549 | BU128: 1924716 | BV128: 232626 | BW128: 546754 | BX128: 564913 | BY128: 450451 | BZ128: 863640 | CA128: 2070806 | CB128: 1260312 | CC128: 1470763 | CD128: 1483576 | CE128: 374890 | CF128: 561656 | CG128: 399634 | CH128: 267035 | CI128: 1126788 | CJ128: 572065 | CK128: 717667 | CL128: 437691 | CM128: 371847 | CN128: 354450 | CO128: 331845 | CP128: 138987 | CQ128: 1337492 | CR128: 1658614 | CS128: 1702158 | CT128: 1424361 | CU128: 1282581 | CV128: 66192959 | CW128: 381909 | CX128: 357590 | CY128: 291774 | CZ128: 892102 | DA128: 320282 | DB128: 2243657 | DC128: 68436616 | DD128: nd | DE128: nd | DF128: nd | DG128: nd | DH128: nd | DI128: nd | DJ128: nd | DK128: nd | DL128: nd | DM128: nd | DN128: 68436616
C129: % Population départementale | D129: 0.2649707 | E129: 0.19828764 | F129: 0.24869311 | G129: 0.26747105 | H129: 0.37496653 | I129: 0.23732258 | J129: 0.28515661 | K129: 0.19911096 | L129: 0.28882818 | M129: 0.21519536 | N129: 0.24464253 | O129: 0.30756292 | P129: 0.24541365 | Q129: 0.25866275 | R129: 0.27818066 | S129: 0.23774068 | T129: 0.2436912 | U129: 0.23664479 | V129: 0.29571054 | W129: 0.23065396 | X129: 0.29588734 | Y129: 0.25713787 | Z129: 0.23534668 | AA129: 0.24983689 | AB129: 0.27537314 | AC129: 0.23573863 | AD129: 0.27061832 | AE129: 0.30054583 | AF129: 0.24178802 | AG129: 0.23779482 | AH129: 0.25668993 | AI129: 0.26250226 | AJ129: 0.31804375 | AK129: 0.25918208 | AL129: 0.22279409 | AM129: 0.31798376 | AN129: 0.24879152 | AO129: 0.2628296 | AP129: 0.28371545 | AQ129: 0.27879943 | AR129: 0.32275129 | AS129: 0.26245076 | AT129: 0.2551199 | AU129: 0.28571992 | AV129: 0.31456698 | AW129: 0.26918076 | AX129: 0.28595765 | AY129: 0.27129737 | AZ129: 0.36382528 | BA129: 0.29214224 | BB129: 0.27026319 | BC129: 0.2243832 | BD129: 0.23470171 | BE129: 0.34144455 | BF129: 0.23409647 | BG129: 0.26672128 | BH129: 0.32205063 | BI129: 0.24963246 | BJ129: 0.23608639 | BK129: 0.23631748 | BL129: 0.24605587 | BM129: 0.23513362 | BN129: 0.21134106 | BO129: 0.26723934 | BP129: 0.3099933 | BQ129: 0.27674945 | BR129: 0.25788688 | BS129: 0.24687907 | BT129: 0.23722945 | BU129: 0.25456275 | BV129: 0.2200098 | BW129: 0.23133987 | BX129: 0.2682714 | BY129: 0.30906136 | BZ129: 0.30843639 | CA129: 0.17177708 | CB129: 0.21293378 | CC129: 0.21892718 | CD129: 0.28680701 | CE129: 0.26936968 | CF129: 0.23543593 | CG129: 0.28901945 | CH129: 0.28091074 | CI129: 0.24016585 | CJ129: 0.25618942 | CK129: 0.31167101 | CL129: 0.26743068 | CM129: 0.27751199 | CN129: 0.23819721 | CO129: 0.21406982 | CP129: 0.23333837 | CQ129: 0.25720902 | CR129: 0.23086384 | CS129: 0.14290095 | CT129: 0.19890463 | CU129: 0.2053422 | CV129: 0.25084476 | CW129: 0.19868084 | CX129: 0.18917475 | CY129: 0.16168678 | CZ129: 0.19486225 | DA129: 0.13782542 | DB129: 0.1821495 | DC129: 0.24859262 | DD129: nd | DE129: nd | DF129: nd | DG129: nd | DH129: nd | DI129: nd | DJ129: nd | DK129: nd | DL129: nd | DM129: nd | DN129: 0.25075851
A131: Notes
A132: nd | C132: Données non disponibles
A133: nr | C133: Données non réparties
A134: Population | C134: Estimation au 1er janvier 2024 (INSEE, 2025)
A135: Correction de la non réponse pour le département | C135: 1. Utilisation de l'adresse du club (addresse de pratique si disponible, siège sinon). 2. Application d'un hotdeck hiérarchisé en fonction des grandes tranches d'âges: 1-13 ans, 14-20 ans, 21-54 ans, 55-99 ans, sous réserve que le taux de non réponse pour la région demeure acceptable pour la fédération.
